\N,3,8
\N,4706,8
\N,4,6
\N,4,14
\N,5,6
\N,6,5
\N,6,8
\N,8,11
\N,8,13
\N,8,17
\N,9,1
\N,9,3
\N,9,10
\N,13,5
\N,13,8
\N,14,8
\N,15,5
\N,15,8
\N,16,6
\N,16,7
\N,16,14
\N,17,6
\N,17,8
\N,20,6
\N,20,8
\N,22,6
\N,24,5
\N,24,8
\N,25,8
\N,26,6
\N,27,9
\N,27,1
\N,27,6
\N,28,1
\N,28,17
\N,28,6
\N,28,5
\N,29,6
\N,29,14
\N,30,17
\N,30,11
\N,31,1
\N,31,6
\N,32,8
\N,4707,8
\N,33,1
\N,33,15
\N,33,17
\N,4708,8
\N,34,4
\N,34,6
\N,34,12
\N,36,6
\N,36,5
\N,37,8
\N,37,12
\N,38,13
\N,38,17
\N,41,8
\N,41,17
\N,44,8
\N,45,8
\N,47,8
\N,47,6
\N,49,8
\N,50,8
\N,53,8
\N,55,17
\N,57,13
\N,58,6
\N,61,3
\N,61,1
\N,61,5
\N,61,18
\N,62,6
\N,63,9
\N,63,6
\N,66,1
\N,66,15
\N,67,6
\N,67,1
\N,67,15
\N,68,10
\N,68,6
\N,69,6
\N,69,8
\N,71,8
\N,72,8
\N,73,5
\N,73,8
\N,76,6
\N,76,8
\N,76,14
\N,77,6
\N,77,8
\N,79,9
\N,79,6
\N,79,8
\N,80,1
\N,80,17
\N,80,3
\N,80,8
\N,81,1
\N,81,3
\N,83,1
\N,83,3
\N,84,3
\N,84,1
\N,87,6
\N,88,3
\N,89,5
\N,89,8
\N,89,17
\N,90,17
\N,92,8
\N,92,14
\N,93,6
\N,93,11
\N,93,12
\N,93,19
\N,94,1
\N,94,8
\N,95,6
\N,95,17
\N,97,8
\N,100,6
\N,100,15
\N,101,6
\N,101,15
\N,102,3
\N,102,15
\N,104,8
\N,104,17
\N,105,11
\N,105,15
\N,106,15
\N,106,1
\N,106,11
\N,106,17
\N,108,1
\N,108,6
\N,108,5
\N,109,8
\N,109,14
\N,110,14
\N,110,8
\N,111,6
\N,112,8
\N,112,12
\N,114,8
\N,116,8
\N,116,17
\N,117,8
\N,117,19
\N,118,8
\N,119,8
\N,119,14
\N,120,8
\N,121,14
\N,121,8
\N,121,6
\N,122,3
\N,122,6
\N,125,17
\N,125,5
\N,125,13
\N,86,8
\N,126,8
\N,129,6
\N,129,15
\N,130,8
\N,130,14
\N,132,8
\N,133,9
\N,133,3
\N,134,8
\N,134,1
\N,134,3
\N,137,6
\N,138,8
\N,139,6
\N,139,8
\N,141,8
\N,142,7
\N,143,5
\N,143,11
\N,143,17
\N,145,5
\N,145,8
\N,145,17
\N,146,6
\N,147,6
\N,148,6
\N,148,8
\N,148,14
\N,149,11
\N,149,8
\N,149,17
\N,151,8
\N,152,1
\N,152,6
\N,153,5
\N,153,8
\N,154,6
\N,154,11
\N,156,11
\N,156,6
\N,157,1
\N,157,8
\N,157,17
\N,135,8
\N,136,6
\N,136,14
\N,158,8
\N,159,11
\N,160,14
\N,160,6
\N,161,17
\N,161,8
\N,162,6
\N,162,9
\N,162,8
\N,163,9
\N,163,3
\N,163,10
\N,164,6
\N,165,6
\N,165,5
\N,169,1
\N,170,15
\N,171,10
\N,172,8
\N,172,14
\N,172,13
\N,177,8
\N,177,14
\N,176,1
\N,176,6
\N,180,6
\N,182,8
\N,183,8
\N,184,1
\N,184,15
\N,185,6
\N,186,14
\N,186,8
\N,187,8
\N,187,14
\N,188,7
\N,189,8
\N,189,14
\N,190,14
\N,191,8
\N,192,8
\N,192,5
\N,194,15
\N,194,17
\N,195,6
\N,195,8
\N,196,8
\N,197,3
\N,197,4
\N,197,6
\N,197,10
\N,198,8
\N,199,8
\N,200,17
\N,200,13
\N,201,8
\N,201,17
\N,204,8
\N,204,17
\N,205,8
\N,207,8
\N,208,17
\N,208,13
\N,209,8
\N,209,17
\N,211,8
\N,213,3
\N,213,1
\N,214,17
\N,214,1
\N,214,8
\N,215,1
\N,215,14
\N,215,15
\N,215,17
\N,218,8
\N,219,15
\N,219,17
\N,219,13
\N,219,1
\N,220,6
\N,220,8
\N,222,17
\N,227,8
\N,227,15
\N,227,10
\N,228,17
\N,229,6
\N,229,8
\N,229,14
\N,230,8
\N,233,8
\N,233,17
\N,234,1
\N,234,17
\N,235,1
\N,235,3
\N,235,17
\N,236,6
\N,237,8
\N,238,15
\N,238,17
\N,239,8
\N,240,8
\N,241,8
\N,243,4
\N,243,15
\N,243,10
\N,243,3
\N,243,1
\N,245,17
\N,246,1
\N,246,3
\N,246,15
\N,248,11
\N,248,17
\N,249,8
\N,250,8
\N,250,13
\N,251,8
\N,252,1
\N,252,8
\N,253,6
\N,254,6
\N,255,6
\N,256,5
\N,256,8
\N,257,14
\N,257,8
\N,259,8
\N,259,3
\N,259,1
\N,260,1
\N,260,3
\N,261,1
\N,261,6
\N,261,5
\N,263,8
\N,4732,8
\N,4734,8
\N,4734,14
\N,265,14
\N,265,17
\N,264,6
\N,266,8
\N,266,14
\N,268,8
\N,268,14
\N,269,1
\N,270,9
\N,270,6
\N,271,17
\N,273,9
\N,273,6
\N,275,8
\N,275,17
\N,276,14
\N,276,6
\N,277,1
\N,277,3
\N,278,6
\N,278,11
\N,279,17
\N,280,1
\N,282,6
\N,284,7
\N,286,8
\N,287,1
\N,287,6
\N,287,17
\N,288,8
\N,289,1
\N,289,6
\N,289,5
\N,289,17
\N,290,17
\N,293,8
\N,294,1
\N,294,11
\N,294,3
\N,295,1
\N,296,5
\N,296,17
\N,296,8
\N,298,1
\N,298,6
\N,300,7
\N,301,1
\N,301,15
\N,301,17
\N,302,8
\N,302,6
\N,304,8
\N,305,6
\N,305,5
\N,305,8
\N,305,14
\N,306,6
\N,306,8
\N,311,8
\N,311,6
\N,316,17
\N,318,6
\N,318,8
\N,319,1
\N,319,8
\N,322,8
\N,323,8
\N,324,8
\N,325,8
\N,326,1
\N,326,9
\N,326,5
\N,326,3
\N,326,10
\N,326,17
\N,327,5
\N,327,10
\N,327,1
\N,327,9
\N,327,3
\N,327,17
\N,328,1
\N,328,15
\N,320,6
\N,331,6
\N,331,15
\N,333,6
\N,333,9
\N,336,8
\N,337,6
\N,337,14
\N,338,8
\N,338,6
\N,339,6
\N,339,17
\N,339,5
\N,339,8
\N,340,8
\N,341,8
\N,341,14
\N,343,6
\N,344,14
\N,345,4
\N,345,6
\N,346,14
\N,347,10
\N,347,6
\N,348,17
\N,349,8
\N,350,1
\N,350,8
\N,350,17
\N,350,18
\N,351,8
\N,352,5
\N,352,8
\N,354,5
\N,355,8
\N,356,8
\N,356,11
\N,356,15
\N,357,8
\N,357,17
\N,358,6
\N,359,1
\N,359,11
\N,359,17
\N,360,8
\N,360,18
\N,362,11
\N,362,1
\N,362,15
\N,364,6
\N,365,5
\N,365,8
\N,366,6
\N,366,14
\N,368,1
\N,370,8
\N,370,5
\N,371,14
\N,371,6
\N,372,1
\N,374,1
\N,374,6
\N,376,8
\N,376,11
\N,377,1
\N,377,17
\N,378,8
\N,379,8
\N,380,8
\N,382,7
\N,384,15
\N,384,8
\N,384,14
\N,385,8
\N,386,8
\N,387,6
\N,387,8
\N,388,6
\N,389,8
\N,389,14
\N,391,6
\N,392,9
\N,393,6
\N,393,1
\N,393,17
\N,396,8
\N,397,6
\N,397,5
\N,397,13
\N,397,17
\N,398,6
\N,398,5
\N,399,8
\N,400,6
\N,400,7
\N,401,8
\N,403,6
\N,404,6
\N,406,7
\N,407,11
\N,407,6
\N,407,10
\N,407,1
\N,408,6
\N,409,6
\N,410,6
\N,410,17
\N,412,6
\N,413,8
\N,416,6
\N,416,14
\N,418,6
\N,421,6
\N,421,14
\N,422,6
\N,422,8
\N,422,14
\N,424,8
\N,425,13
\N,427,3
\N,427,14
\N,428,1
\N,428,17
\N,430,1
\N,430,8
\N,430,18
\N,431,3
\N,431,6
\N,433,1
\N,433,17
\N,435,1
\N,435,5
\N,436,1
\N,436,5
\N,436,10
\N,436,15
\N,437,1
\N,437,5
\N,437,10
\N,439,1
\N,440,6
\N,442,17
\N,443,1
\N,443,17
\N,444,17
\N,445,8
\N,447,17
\N,448,1
\N,448,17
\N,449,1
\N,449,17
\N,449,8
\N,450,1
\N,450,11
\N,451,1
\N,451,17
\N,451,11
\N,452,11
\N,452,17
\N,452,13
\N,453,1
\N,454,6
\N,454,8
\N,454,14
\N,457,17
\N,457,11
\N,459,8
\N,460,17
\N,462,8
\N,462,14
\N,465,6
\N,465,11
\N,467,1
\N,467,17
\N,468,5
\N,468,13
\N,468,17
\N,471,1
\N,471,17
\N,472,8
\N,473,5
\N,473,17
\N,473,8
\N,473,13
\N,474,1
\N,474,6
\N,479,1
\N,479,17
\N,480,1
\N,481,11
\N,481,17
\N,484,5
\N,484,8
\N,485,6
\N,486,17
\N,487,8
\N,488,8
\N,488,14
\N,488,3
\N,490,6
\N,490,8
\N,491,6
\N,491,8
\N,492,5
\N,492,8
\N,493,6
\N,493,12
\N,494,6
\N,495,8
\N,496,8
\N,501,17
\N,502,5
\N,502,17
\N,503,17
\N,504,8
\N,505,8
\N,507,6
\N,507,10
\N,509,17
\N,509,8
\N,513,6
\N,513,8
\N,510,17
\N,514,15
\N,514,17
\N,515,13
\N,515,8
\N,515,17
\N,516,11
\N,516,17
\N,517,11
\N,520,8
\N,521,11
\N,522,5
\N,522,1
\N,522,6
\N,523,6
\N,523,8
\N,524,6
\N,524,14
\N,526,11
\N,526,6
\N,527,8
\N,529,6
\N,530,8
\N,532,9
\N,532,3
\N,532,10
\N,533,6
\N,533,14
\N,536,8
\N,536,14
\N,537,5
\N,537,17
\N,539,1
\N,539,17
\N,540,6
\N,541,6
\N,541,7
\N,542,6
\N,542,8
\N,543,8
\N,544,8
\N,548,13
\N,549,6
\N,549,14
\N,546,3
\N,546,8
\N,546,17
\N,550,8
\N,551,6
\N,551,8
\N,555,6
\N,555,8
\N,555,14
\N,556,8
\N,556,18
\N,556,14
\N,556,1
\N,557,1
\N,558,18
\N,561,8
\N,562,8
\N,563,8
\N,564,1
\N,564,3
\N,564,17
\N,565,1
\N,565,17
\N,566,6
\N,567,8
\N,568,5
\N,569,8
\N,569,14
\N,572,8
\N,572,6
\N,574,1
\N,574,3
\N,574,15
\N,576,6
\N,576,11
\N,576,17
\N,577,8
\N,578,1
\N,578,14
\N,578,15
\N,578,18
\N,579,8
\N,579,14
\N,581,5
\N,581,8
\N,581,13
\N,582,8
\N,582,18
\N,583,6
\N,584,8
\N,585,6
\N,586,8
\N,587,1
\N,587,17
\N,588,8
\N,589,8
\N,590,8
\N,592,8
\N,593,5
\N,593,17
\N,600,8
\N,596,8
\N,599,6
\N,601,14
\N,602,17
\N,603,17
\N,603,11
\N,604,6
\N,604,8
\N,605,8
\N,605,14
\N,606,6
\N,607,1
\N,607,3
\N,608,6
\N,608,17
\N,609,3
\N,609,6
\N,609,8
\N,610,8
\N,610,17
\N,611,6
\N,611,8
\N,613,15
\N,614,1
\N,614,8
\N,614,17
\N,615,1
\N,615,6
\N,616,8
\N,616,17
\N,619,6
\N,620,1
\N,620,8
\N,620,17
\N,621,6
\N,622,6
\N,622,14
\N,623,1
\N,623,17
\N,624,6
\N,625,6
\N,626,6
\N,626,17
\N,628,6
\N,628,8
\N,628,17
\N,629,3
\N,630,8
\N,631,8
\N,634,8
\N,637,8
\N,638,1
\N,639,5
\N,639,11
\N,639,8
\N,640,11
\N,644,11
\N,641,6
\N,641,8
\N,641,14
\N,642,6
\N,642,14
\N,646,9
\N,646,8
\N,647,8
\N,647,14
\N,647,18
\N,648,6
\N,648,17
\N,649,3
\N,650,9
\N,650,6
\N,650,8
\N,650,14
\N,653,1
\N,656,8
\N,657,1
\N,657,8
\N,658,12
\N,658,8
\N,659,8
\N,661,8
\N,661,14
\N,663,11
\N,664,6
\N,665,8
\N,665,14
\N,666,8
\N,666,14
\N,667,5
\N,667,8
\N,668,9
\N,668,6
\N,668,10
\N,669,3
\N,669,9
\N,669,6
\N,669,10
\N,670,9
\N,670,6
\N,670,10
\N,671,3
\N,671,8
\N,673,11
\N,676,6
\N,676,8
\N,678,9
\N,678,4
\N,678,6
\N,679,8
\N,679,17
\N,680,5
\N,680,8
\N,682,8
\N,683,6
\N,684,6
\N,685,15
\N,685,11
\N,685,17
\N,687,8
\N,688,8
\N,691,1
\N,691,3
\N,692,6
\N,692,5
\N,693,1
\N,693,17
\N,694,6
\N,695,8
\N,695,17
\N,696,17
\N,697,15
\N,697,1
\N,699,6
\N,699,8
\N,700,8
\N,700,17
\N,703,8
\N,703,17
\N,705,1
\N,705,6
\N,706,8
\N,706,18
\N,706,14
\N,707,6
\N,707,8
\N,707,14
\N,708,6
\N,708,14
\N,709,8
\N,710,11
\N,710,17
\N,743,6
\N,712,8
\N,713,6
\N,713,8
\N,713,17
\N,714,6
\N,714,19
\N,715,6
\N,715,14
\N,716,11
\N,716,17
\N,719,11
\N,720,11
\N,721,11
\N,722,11
\N,724,19
\N,725,11
\N,726,6
\N,726,8
\N,727,8
\N,728,17
\N,728,1
\N,728,3
\N,728,6
\N,729,6
\N,729,8
\N,729,14
\N,730,8
\N,730,14
\N,731,8
\N,732,8
\N,732,14
\N,734,8
\N,734,13
\N,734,14
\N,736,1
\N,744,6
\N,744,8
\N,744,14
\N,745,1
\N,745,8
\N,745,5
\N,745,17
\N,746,8
\N,747,6
\N,747,14
\N,748,8
\N,748,14
\N,750,5
\N,750,17
\N,757,3
\N,757,10
\N,757,15
\N,751,6
\N,751,11
\N,752,13
\N,752,17
\N,753,5
\N,753,8
\N,754,8
\N,754,17
\N,755,8
\N,755,10
\N,755,14
\N,756,17
\N,758,8
\N,759,14
\N,759,19
\N,760,6
\N,761,8
\N,761,14
\N,762,6
\N,762,5
\N,762,17
\N,763,8
\N,766,1
\N,766,3
\N,766,8
\N,766,9
\N,767,8
\N,768,3
\N,768,15
\N,769,1
\N,769,3
\N,769,15
\N,769,10
\N,769,17
\N,770,6
\N,770,8
\N,773,6
\N,774,11
\N,782,6
\N,782,14
\N,783,8
\N,783,14
\N,784,1
\N,784,17
\N,785,5
\N,785,17
\N,788,5
\N,788,17
\N,789,17
\N,789,11
\N,790,1
\N,791,1
\N,791,17
\N,792,1
\N,792,17
\N,794,8
\N,798,6
\N,798,8
\N,798,14
\N,799,6
\N,799,8
\N,800,8
\N,801,6
\N,802,17
\N,802,8
\N,804,1
\N,805,6
\N,805,5
\N,805,8
\N,805,14
\N,806,8
\N,808,6
\N,808,8
\N,809,1
\N,809,3
\N,809,13
\N,809,15
\N,810,8
\N,811,1
\N,811,8
\N,811,17
\N,812,1
\N,812,13
\N,812,14
\N,812,17
\N,813,8
\N,813,15
\N,813,14
\N,813,3
\N,813,10
\N,814,17
\N,817,8
\N,819,17
\N,820,8
\N,821,11
\N,821,15
\N,822,13
\N,822,17
\N,825,6
\N,825,8
\N,826,8
\N,827,8
\N,828,5
\N,828,8
\N,828,17
\N,829,17
\N,830,17
\N,831,8
\N,831,15
\N,831,1
\N,831,17
\N,832,6
\N,832,5
\N,834,8
\N,835,1
\N,835,17
\N,837,1
\N,837,5
\N,837,8
\N,837,17
\N,838,6
\N,839,8
\N,840,1
\N,840,8
\N,840,3
\N,840,17
\N,842,1
\N,842,17
\N,843,8
\N,843,14
\N,844,1
\N,844,8
\N,844,18
\N,844,13
\N,845,1
\N,845,17
\N,846,6
\N,846,8
\N,847,1
\N,847,17
\N,848,14
\N,849,1
\N,851,6
\N,851,8
\N,851,14
\N,853,8
\N,855,1
\N,856,1
\N,856,3
\N,857,8
\N,858,6
\N,858,11
\N,861,1
\N,861,17
\N,863,8
\N,864,8
\N,864,6
\N,865,1
\N,865,5
\N,866,8
\N,866,14
\N,867,6
\N,867,8
\N,868,6
\N,868,15
\N,868,11
\N,869,6
\N,871,17
\N,871,8
\N,872,8
\N,873,1
\N,873,5
\N,875,17
\N,878,1
\N,878,8
\N,879,1
\N,879,8
\N,879,17
\N,880,6
\N,880,8
\N,881,8
\N,882,1
\N,882,8
\N,883,6
\N,883,14
\N,884,11
\N,884,17
\N,885,6
\N,885,8
\N,886,3
\N,886,6
\N,887,1
\N,887,8
\N,887,17
\N,888,8
\N,889,8
\N,889,6
\N,889,14
\N,889,9
\N,890,1
\N,890,15
\N,891,1
\N,891,10
\N,891,17
\N,892,1
\N,892,11
\N,3812,18
\N,893,8
\N,893,14
\N,894,8
\N,894,14
\N,895,8
\N,896,6
\N,896,14
\N,898,8
\N,899,17
\N,900,11
\N,900,1
\N,900,6
\N,900,17
\N,901,10
\N,901,17
\N,901,15
\N,901,11
\N,902,17
\N,903,6
\N,903,5
\N,904,6
\N,905,8
\N,905,9
\N,906,6
\N,906,5
\N,906,8
\N,906,13
\N,907,11
\N,908,8
\N,909,6
\N,909,14
\N,910,6
\N,910,8
\N,910,17
\N,911,6
\N,911,17
\N,911,11
\N,911,13
\N,912,1
\N,913,1
\N,913,3
\N,913,14
\N,915,14
\N,915,15
\N,918,1
\N,918,15
\N,918,17
\N,919,1
\N,919,17
\N,921,1
\N,921,8
\N,921,17
\N,922,1
\N,922,3
\N,923,9
\N,923,6
\N,924,6
\N,925,5
\N,925,17
\N,927,6
\N,927,8
\N,929,8
\N,930,17
\N,931,8
\N,932,8
\N,934,12
\N,934,8
\N,935,8
\N,936,6
\N,936,8
\N,937,8
\N,938,8
\N,939,8
\N,940,17
\N,941,8
\N,943,8
\N,944,8
\N,946,1
\N,946,8
\N,947,17
\N,948,1
\N,948,8
\N,948,5
\N,949,18
\N,949,8
\N,950,15
\N,950,17
\N,952,17
\N,953,1
\N,953,3
\N,955,15
\N,956,8
\N,956,17
\N,956,11
\N,957,8
\N,960,1
\N,960,15
\N,961,15
\N,964,8
\N,966,8
\N,967,15
\N,967,17
\N,968,8
\N,969,8
\N,969,1
\N,969,3
\N,969,17
\N,970,6
\N,970,8
\N,970,13
\N,1199,4
\N,1199,8
\N,1199,14
\N,1195,8
\N,1195,14
\N,1196,6
\N,973,13
\N,974,11
\N,971,8
\N,971,3
\N,971,1
\N,971,17
\N,976,6
\N,977,17
\N,978,1
\N,978,8
\N,978,17
\N,980,8
\N,982,6
\N,982,13
\N,982,17
\N,982,14
\N,983,17
\N,984,17
\N,985,6
\N,986,8
\N,4712,19
\N,987,1
\N,989,1
\N,989,5
\N,989,8
\N,991,1
\N,991,8
\N,991,17
\N,992,1
\N,992,8
\N,992,17
\N,993,6
\N,998,1
\N,1002,8
\N,1002,17
\N,1004,6
\N,1008,1
\N,1008,15
\N,1009,6
\N,1009,5
\N,1009,10
\N,1009,17
\N,1010,1
\N,1011,11
\N,1012,5
\N,1012,8
\N,1013,7
\N,1014,6
\N,1015,1
\N,1016,1
\N,1016,11
\N,1016,15
\N,1016,17
\N,1019,17
\N,1020,8
\N,1021,17
\N,1021,8
\N,1022,8
\N,1022,15
\N,1022,1
\N,1023,1
\N,1023,11
\N,1023,17
\N,1024,5
\N,1024,8
\N,1024,17
\N,1027,17
\N,1027,8
\N,1028,17
\N,1029,6
\N,1029,14
\N,1030,6
\N,1030,8
\N,1030,17
\N,1032,11
\N,1034,8
\N,1035,17
\N,1036,1
\N,1037,1
\N,1037,15
\N,1037,17
\N,1039,11
\N,1040,6
\N,1043,1
\N,1044,6
\N,1045,6
\N,1050,1
\N,1050,14
\N,1050,17
\N,1050,19
\N,1051,6
\N,1052,1
\N,1052,8
\N,1052,17
\N,1053,1
\N,1054,5
\N,1054,6
\N,1054,10
\N,1057,3
\N,1057,6
\N,1058,6
\N,1059,6
\N,1060,8
\N,1061,5
\N,1061,13
\N,1061,17
\N,1062,8
\N,1062,11
\N,1062,17
\N,1063,1
\N,1063,8
\N,1063,17
\N,1064,17
\N,1065,1
\N,1066,8
\N,1067,8
\N,1067,11
\N,1067,17
\N,1067,13
\N,1068,8
\N,1070,6
\N,1070,13
\N,1073,6
\N,1074,1
\N,1075,1
\N,1075,17
\N,1078,8
\N,1079,3
\N,1079,4
\N,1080,1
\N,1080,15
\N,1082,1
\N,1084,8
\N,1085,8
\N,1086,4
\N,1086,9
\N,1086,3
\N,1087,1
\N,1087,17
\N,1090,8
\N,1092,6
\N,1093,17
\N,1095,8
\N,1095,14
\N,1096,1
\N,1097,8
\N,1097,14
\N,1098,6
\N,1099,8
\N,1100,11
\N,1100,17
\N,1101,6
\N,1101,12
\N,1101,10
\N,1101,14
\N,1101,8
\N,1103,6
\N,1103,8
\N,1104,5
\N,1104,8
\N,1105,1
\N,1105,17
\N,1106,11
\N,1106,17
\N,1106,13
\N,1108,9
\N,1108,6
\N,1110,9
\N,1110,8
\N,1111,6
\N,1111,14
\N,1112,1
\N,1112,11
\N,1113,1
\N,1113,17
\N,1114,6
\N,1115,6
\N,1116,7
\N,1117,8
\N,1117,17
\N,1118,17
\N,1119,3
\N,1119,8
\N,1120,8
\N,1129,5
\N,1129,8
\N,1130,10
\N,1130,8
\N,1130,15
\N,1121,6
\N,1122,6
\N,1122,5
\N,1123,6
\N,1125,1
\N,1125,17
\N,1126,17
\N,1127,13
\N,1131,8
\N,1132,1
\N,1133,11
\N,1133,17
\N,1135,1
\N,1135,17
\N,1136,8
\N,1138,17
\N,1138,1
\N,1138,8
\N,1138,13
\N,1140,1
\N,1140,6
\N,1141,1
\N,1141,17
\N,1143,6
\N,1143,8
\N,1146,8
\N,1148,8
\N,1149,6
\N,1150,6
\N,1150,14
\N,1151,14
\N,1151,6
\N,1154,17
\N,1156,6
\N,1156,9
\N,1157,6
\N,1157,11
\N,1158,6
\N,1158,14
\N,1158,8
\N,1159,11
\N,1160,6
\N,1160,11
\N,1161,1
\N,1161,3
\N,1161,5
\N,1161,13
\N,1162,15
\N,1162,17
\N,1162,8
\N,1163,1
\N,1163,10
\N,1163,3
\N,1166,14
\N,1167,15
\N,1167,17
\N,1169,14
\N,1170,15
\N,1171,1
\N,1171,3
\N,1171,15
\N,1171,6
\N,1172,8
\N,1172,1
\N,1173,11
\N,1174,6
\N,1175,1
\N,1175,17
\N,1175,8
\N,1176,1
\N,1176,15
\N,1177,6
\N,1178,13
\N,1178,6
\N,1180,6
\N,1181,8
\N,1183,6
\N,1184,6
\N,1184,15
\N,1185,9
\N,1185,6
\N,1186,8
\N,1187,6
\N,1187,8
\N,1189,3
\N,1189,10
\N,1190,6
\N,1193,1
\N,1194,14
\N,1194,8
\N,1335,15
\N,1203,11
\N,1203,15
\N,1203,17
\N,1204,8
\N,1205,6
\N,1205,8
\N,1205,14
\N,1207,8
\N,1207,5
\N,1213,6
\N,1213,9
\N,1215,6
\N,1216,8
\N,1217,17
\N,1217,8
\N,1219,8
\N,1219,1
\N,1219,3
\N,1219,17
\N,1220,8
\N,1214,14
\N,1214,6
\N,1222,6
\N,1223,8
\N,1224,6
\N,1225,1
\N,1225,6
\N,1225,11
\N,1225,15
\N,1226,1
\N,1226,11
\N,1226,3
\N,1226,13
\N,1226,17
\N,1227,11
\N,1228,6
\N,1229,15
\N,1231,8
\N,1232,8
\N,1234,6
\N,1234,11
\N,1237,11
\N,1240,6
\N,1240,14
\N,1244,8
\N,1245,6
\N,1247,6
\N,1247,8
\N,1248,8
\N,1252,11
\N,1252,1
\N,1252,17
\N,1253,8
\N,1253,14
\N,1253,18
\N,1254,8
\N,1254,17
\N,1255,7
\N,1255,8
\N,1257,8
\N,1257,18
\N,1258,1
\N,1258,17
\N,1259,17
\N,1260,14
\N,1260,8
\N,1261,6
\N,1261,14
\N,1262,14
\N,1262,17
\N,1263,8
\N,1263,17
\N,1263,1
\N,1265,8
\N,1266,17
\N,1266,1
\N,1267,14
\N,1268,1
\N,1268,3
\N,1270,15
\N,1270,8
\N,1271,15
\N,1271,17
\N,1272,6
\N,1273,1
\N,1274,8
\N,1291,8
\N,1292,1
\N,1292,3
\N,1293,6
\N,1294,8
\N,1294,17
\N,1298,15
\N,1296,10
\N,1296,3
\N,1296,6
\N,1303,8
\N,1303,11
\N,1304,17
\N,1304,11
\N,1307,8
\N,1310,8
\N,1311,6
\N,1311,8
\N,1312,11
\N,1312,15
\N,1312,17
\N,1312,1
\N,1313,14
\N,1316,8
\N,1316,5
\N,1317,6
\N,1317,12
\N,1317,14
\N,1318,8
\N,1309,8
\N,1320,1
\N,1320,8
\N,1320,17
\N,1323,8
\N,1323,12
\N,1324,6
\N,1324,15
\N,1327,8
\N,1329,3
\N,1329,6
\N,1331,8
\N,1334,8
\N,1336,1
\N,1336,17
\N,1337,17
\N,1338,1
\N,1338,5
\N,1338,8
\N,1338,13
\N,1338,17
\N,1339,10
\N,1341,8
\N,1346,11
\N,1346,17
\N,1348,6
\N,1349,1
\N,1349,3
\N,1349,6
\N,1349,8
\N,1351,1
\N,1353,8
\N,1353,17
\N,1354,8
\N,1355,17
\N,1355,13
\N,1356,17
\N,1357,7
\N,1358,17
\N,1358,8
\N,1359,8
\N,1361,1
\N,1361,17
\N,1362,5
\N,1362,8
\N,1363,5
\N,1363,8
\N,1365,1
\N,1365,17
\N,1367,11
\N,1367,15
\N,1367,6
\N,1368,1
\N,1369,9
\N,1369,8
\N,1369,10
\N,1370,6
\N,1371,6
\N,1374,17
\N,1378,15
\N,1379,8
\N,1381,6
\N,1381,10
\N,1381,8
\N,1381,14
\N,1382,8
\N,1382,17
\N,1382,1
\N,1383,8
\N,1385,8
\N,1386,8
\N,1387,17
\N,1388,11
\N,1389,14
\N,1389,11
\N,1392,8
\N,1392,14
\N,1393,8
\N,1393,5
\N,1393,17
\N,1394,12
\N,1394,8
\N,1395,8
\N,1396,17
\N,1396,1
\N,1397,6
\N,1397,14
\N,1399,1
\N,1399,6
\N,1401,7
\N,1402,17
\N,1406,6
\N,1406,9
\N,1407,9
\N,1407,6
\N,1408,6
\N,1410,8
\N,1410,17
\N,1410,11
\N,3842,18
\N,1411,1
\N,1411,17
\N,1413,11
\N,1414,11
\N,1414,17
\N,1415,6
\N,1415,8
\N,4713,14
\N,4713,8
\N,1416,8
\N,1418,6
\N,1418,8
\N,1418,14
\N,1420,8
\N,1420,17
\N,1421,1
\N,1421,8
\N,1421,17
\N,1423,15
\N,1426,17
\N,1426,5
\N,1428,8
\N,1428,14
\N,1429,1
\N,1429,3
\N,1429,10
\N,1430,8
\N,1432,17
\N,1433,6
\N,1433,14
\N,1436,8
\N,1436,17
\N,1436,1
\N,1438,7
\N,1439,15
\N,1439,8
\N,1439,17
\N,1440,8
\N,1441,17
\N,1443,11
\N,1443,17
\N,1444,4
\N,1444,10
\N,1444,3
\N,1444,15
\N,1444,1
\N,1447,8
\N,1448,8
\N,1450,1
\N,1450,8
\N,1450,17
\N,1451,8
\N,1452,17
\N,1452,1
\N,1454,6
\N,1455,8
\N,1457,17
\N,1458,9
\N,1458,6
\N,1459,8
\N,1459,14
\N,1460,8
\N,1460,14
\N,1461,6
\N,1461,14
\N,1462,1
\N,1462,8
\N,1465,1
\N,1471,1
\N,1471,5
\N,1472,8
\N,1475,17
\N,1477,5
\N,1480,6
\N,1480,8
\N,1481,6
\N,1482,9
\N,1482,6
\N,1483,8
\N,1484,9
\N,1484,3
\N,1484,8
\N,1488,6
\N,1490,6
\N,1491,5
\N,1495,6
\N,1495,8
\N,1495,14
\N,1499,8
\N,1499,14
\N,1500,8
\N,1501,6
\N,1502,15
\N,1503,8
\N,1506,5
\N,1506,17
\N,1508,6
\N,1508,14
\N,1509,8
\N,1509,14
\N,1510,1
\N,1510,3
\N,1511,6
\N,1511,8
\N,1511,14
\N,1512,6
\N,1512,14
\N,1514,6
\N,1514,14
\N,1516,11
\N,1517,1
\N,1517,15
\N,1519,5
\N,1519,13
\N,1519,17
\N,1520,3
\N,1520,8
\N,1520,18
\N,1521,6
\N,1521,8
\N,1522,17
\N,1522,8
\N,1523,8
\N,1524,11
\N,1524,17
\N,1525,7
\N,1526,7
\N,1527,6
\N,1528,9
\N,1528,10
\N,1530,8
\N,1530,14
\N,1531,11
\N,1531,17
\N,1532,6
\N,1533,11
\N,1534,6
\N,1534,8
\N,1534,14
\N,1535,6
\N,1535,14
\N,1536,6
\N,1537,9
\N,1537,3
\N,1537,8
\N,1538,9
\N,1538,3
\N,1538,8
\N,1539,7
\N,1541,5
\N,1541,8
\N,1542,5
\N,1542,17
\N,1542,8
\N,1543,6
\N,1543,14
\N,1544,6
\N,1544,14
\N,1545,8
\N,1545,17
\N,1545,15
\N,1546,8
\N,1547,8
\N,1548,6
\N,1549,6
\N,1551,8
\N,1551,14
\N,1552,8
\N,1552,14
\N,1552,6
\N,1553,6
\N,1553,11
\N,1553,17
\N,1554,10
\N,1554,11
\N,1554,13
\N,1554,17
\N,1555,6
\N,1555,17
\N,1556,6
\N,1556,11
\N,1556,1
\N,1556,17
\N,1557,11
\N,1557,1
\N,1558,11
\N,1558,17
\N,1558,19
\N,1559,17
\N,1559,5
\N,1559,13
\N,1560,11
\N,1561,15
\N,1563,8
\N,1565,6
\N,1565,8
\N,1565,14
\N,1566,6
\N,1567,7
\N,1569,5
\N,1569,8
\N,1570,6
\N,1572,8
\N,1574,1
\N,1574,8
\N,1574,10
\N,1574,17
\N,1575,1
\N,1575,15
\N,1575,17
\N,1576,8
\N,1576,14
\N,1577,1
\N,1577,6
\N,1577,3
\N,1579,1
\N,1579,5
\N,1579,17
\N,1581,6
\N,1582,1
\N,1582,3
\N,1582,6
\N,1582,15
\N,1584,3
\N,1584,9
\N,1584,10
\N,1585,8
\N,1586,8
\N,1586,6
\N,1587,13
\N,1587,17
\N,1588,1
\N,1588,5
\N,1588,8
\N,1588,17
\N,1589,5
\N,1589,8
\N,1590,5
\N,1590,8
\N,1593,5
\N,1593,8
\N,1594,5
\N,1594,8
\N,1594,17
\N,1595,12
\N,1595,6
\N,1596,8
\N,1596,18
\N,1597,8
\N,1597,15
\N,1597,17
\N,1599,6
\N,1599,8
\N,1599,13
\N,1600,6
\N,1601,5
\N,1601,8
\N,1604,5
\N,1603,8
\N,1603,13
\N,1603,17
\N,1605,8
\N,1605,17
\N,1606,8
\N,1607,9
\N,1607,3
\N,1607,6
\N,1608,8
\N,1609,8
\N,1610,7
\N,1611,5
\N,1611,17
\N,1611,1
\N,1611,8
\N,1612,8
\N,1613,6
\N,1613,12
\N,1613,14
\N,1613,8
\N,1614,1
\N,1614,6
\N,1614,8
\N,1616,6
\N,1620,1
\N,1620,8
\N,1620,3
\N,1620,17
\N,1621,1
\N,1621,5
\N,1621,8
\N,1622,3
\N,1622,11
\N,1622,17
\N,1622,15
\N,1622,1
\N,1623,6
\N,1623,8
\N,1625,8
\N,1626,8
\N,1626,13
\N,1626,17
\N,1628,17
\N,1629,6
\N,1631,8
\N,1630,6
\N,1632,8
\N,1633,8
\N,1634,8
\N,1635,6
\N,1635,8
\N,1636,8
\N,1637,1
\N,1637,8
\N,1638,6
\N,1638,8
\N,1640,1
\N,1640,17
\N,1641,8
\N,1642,8
\N,1642,1
\N,1643,1
\N,1644,1
\N,1644,5
\N,1644,13
\N,1644,17
\N,1645,8
\N,1646,8
\N,1646,12
\N,1646,14
\N,1647,8
\N,1647,17
\N,1649,5
\N,1649,6
\N,1650,14
\N,1651,8
\N,1652,7
\N,1653,6
\N,1653,14
\N,1654,8
\N,1658,8
\N,1655,8
\N,1659,6
\N,1660,8
\N,1661,15
\N,1661,1
\N,1661,3
\N,1661,11
\N,1661,17
\N,1662,8
\N,1663,3
\N,1663,8
\N,1664,8
\N,1665,1
\N,1665,5
\N,1665,17
\N,1665,3
\N,1666,6
\N,1668,6
\N,1669,1
\N,1669,5
\N,1670,6
\N,1671,9
\N,1671,6
\N,1672,6
\N,1674,8
\N,1675,1
\N,1675,8
\N,1676,6
\N,1676,5
\N,1676,17
\N,1677,6
\N,1677,13
\N,1677,8
\N,1678,8
\N,1679,5
\N,1679,8
\N,1682,6
\N,1682,8
\N,1683,6
\N,1685,6
\N,1685,11
\N,1685,15
\N,1687,8
\N,1689,6
\N,1689,17
\N,1691,8
\N,1691,14
\N,1693,8
\N,1694,8
\N,1695,6
\N,1695,8
\N,1697,6
\N,1697,11
\N,1697,17
\N,1698,8
\N,1699,8
\N,1702,8
\N,1704,6
\N,1704,5
\N,1704,14
\N,1705,8
\N,1705,11
\N,1705,17
\N,1706,1
\N,1706,3
\N,1706,8
\N,1707,6
\N,1707,14
\N,1710,6
\N,1711,6
\N,1711,14
\N,1712,1
\N,1712,3
\N,1713,17
\N,1714,8
\N,1714,14
\N,1715,10
\N,1715,3
\N,1716,8
\N,1717,6
\N,1719,14
\N,1719,19
\N,1721,8
\N,1722,6
\N,1722,14
\N,1723,15
\N,1725,17
\N,1727,6
\N,1728,6
\N,1728,14
\N,1729,1
\N,1730,6
\N,1731,1
\N,1731,5
\N,1731,17
\N,1732,11
\N,1732,17
\N,1733,11
\N,1733,17
\N,1734,11
\N,1734,17
\N,1736,7
\N,1737,8
\N,1737,14
\N,1738,6
\N,1738,8
\N,1739,17
\N,1740,11
\N,1740,17
\N,1741,9
\N,1741,10
\N,1743,8
\N,1743,6
\N,1744,6
\N,1744,15
\N,1744,14
\N,1745,6
\N,1746,5
\N,1747,6
\N,1748,6
\N,1750,1
\N,1750,5
\N,1752,19
\N,1754,1
\N,1754,8
\N,1754,17
\N,1755,2
\N,1756,1
\N,1758,1
\N,1758,5
\N,1758,17
\N,1758,8
\N,1760,17
\N,1762,8
\N,1763,9
\N,1763,6
\N,1764,15
\N,1765,8
\N,1766,10
\N,1766,3
\N,1766,9
\N,1767,3
\N,1767,10
\N,1767,9
\N,1768,6
\N,1768,17
\N,1768,8
\N,1769,8
\N,1769,18
\N,1770,5
\N,1770,8
\N,1770,14
\N,1770,17
\N,1771,8
\N,1773,8
\N,1773,17
\N,1774,16
\N,1774,17
\N,1774,4
\N,1774,11
\N,1775,11
\N,1776,11
\N,1776,17
\N,1777,11
\N,1777,17
\N,1777,13
\N,1778,6
\N,1781,8
\N,1782,6
\N,1782,11
\N,1783,6
\N,1783,14
\N,1785,6
\N,1785,5
\N,1785,14
\N,1786,6
\N,1786,8
\N,1788,3
\N,1788,8
\N,1789,1
\N,1789,5
\N,1789,17
\N,1789,8
\N,1790,8
\N,1791,6
\N,1792,8
\N,1796,8
\N,1796,5
\N,1795,13
\N,1795,17
\N,1797,8
\N,1797,14
\N,1799,6
\N,1799,8
\N,1799,12
\N,1800,6
\N,1801,11
\N,1805,11
\N,1805,15
\N,1806,11
\N,1807,8
\N,1807,11
\N,1807,5
\N,1807,13
\N,1804,11
\N,1808,8
\N,1809,6
\N,1809,8
\N,1812,9
\N,1813,1
\N,1813,3
\N,1813,4
\N,1813,10
\N,1814,8
\N,1814,14
\N,1815,6
\N,1815,14
\N,1816,4
\N,1816,9
\N,1816,6
\N,1817,6
\N,1817,14
\N,1818,8
\N,1819,8
\N,1819,19
\N,1822,1
\N,1822,5
\N,1823,10
\N,1824,8
\N,1825,17
\N,1826,8
\N,1828,8
\N,1828,14
\N,1829,5
\N,1829,17
\N,1830,14
\N,1830,6
\N,1830,8
\N,1831,1
\N,1831,8
\N,1831,6
\N,1832,8
\N,1832,19
\N,1833,6
\N,1834,1
\N,1834,17
\N,1836,1
\N,1836,15
\N,1837,10
\N,1837,15
\N,1837,1
\N,1838,10
\N,1838,15
\N,1838,1
\N,1838,3
\N,1840,8
\N,1845,8
\N,1851,14
\N,1852,6
\N,1855,7
\N,1857,8
\N,1858,11
\N,1858,15
\N,1858,17
\N,1860,8
\N,1862,6
\N,1863,6
\N,1863,8
\N,1864,6
\N,1867,6
\N,1868,8
\N,1868,14
\N,1870,6
\N,1870,8
\N,1871,8
\N,1871,6
\N,1872,9
\N,1872,6
\N,1873,6
\N,1873,8
\N,1873,14
\N,1874,6
\N,1874,14
\N,1875,8
\N,1876,6
\N,1876,17
\N,1877,8
\N,1878,5
\N,1878,8
\N,1879,6
\N,1880,6
\N,1880,9
\N,1880,3
\N,1880,1
\N,1880,13
\N,1882,1
\N,1882,17
\N,1882,6
\N,1883,5
\N,1883,8
\N,1885,1
\N,1886,8
\N,1886,14
\N,1890,11
\N,1890,15
\N,1890,17
\N,1891,8
\N,1891,14
\N,1893,1
\N,1893,17
\N,1895,17
\N,1896,1
\N,1899,6
\N,1899,14
\N,1900,8
\N,1906,8
\N,1906,14
\N,1907,8
\N,1909,11
\N,1911,14
\N,1913,6
\N,1914,11
\N,1914,17
\N,1916,17
\N,1917,6
\N,1918,14
\N,1919,9
\N,1919,10
\N,1919,6
\N,1920,6
\N,1921,6
\N,1921,8
\N,1922,15
\N,1922,17
\N,1923,8
\N,1927,6
\N,1927,14
\N,1928,1
\N,1928,17
\N,1929,6
\N,1930,1
\N,1930,8
\N,1930,17
\N,1931,6
\N,1931,8
\N,1932,1
\N,1932,8
\N,1932,15
\N,1933,6
\N,1933,8
\N,1933,14
\N,1935,1
\N,1936,1
\N,1939,8
\N,1940,8
\N,1941,8
\N,1943,17
\N,1944,8
\N,1948,1
\N,1945,15
\N,1946,1
\N,1950,8
\N,1951,6
\N,1952,11
\N,1952,13
\N,1952,17
\N,1955,8
\N,1955,14
\N,1956,15
\N,1957,4
\N,1957,6
\N,1959,8
\N,1960,3
\N,1960,5
\N,1960,1
\N,1960,6
\N,1961,3
\N,1962,11
\N,1962,13
\N,1962,17
\N,1971,3
\N,1972,3
\N,1972,4
\N,1972,9
\N,1972,6
\N,1973,6
\N,1973,11
\N,1974,8
\N,1975,1
\N,1976,6
\N,1976,14
\N,1977,6
\N,1977,8
\N,1978,6
\N,1978,11
\N,1979,6
\N,1979,12
\N,1979,8
\N,1980,17
\N,1982,8
\N,1983,8
\N,1984,14
\N,1984,6
\N,1985,5
\N,1985,8
\N,1985,17
\N,1986,6
\N,1965,6
\N,1965,9
\N,1987,8
\N,1966,6
\N,1966,8
\N,1966,14
\N,1988,6
\N,1988,8
\N,1989,5
\N,1989,8
\N,1991,13
\N,1967,8
\N,1968,6
\N,1993,5
\N,1993,8
\N,1995,6
\N,1995,8
\N,1995,14
\N,1996,15
\N,1996,17
\N,1999,6
\N,2000,6
\N,2001,8
\N,2001,17
\N,2001,13
\N,2002,17
\N,2003,1
\N,2003,8
\N,2004,8
\N,2005,8
\N,2006,17
\N,2007,8
\N,2007,19
\N,2008,8
\N,2009,6
\N,2010,8
\N,2013,8
\N,2015,5
\N,2015,8
\N,2017,8
\N,2017,17
\N,2018,8
\N,2018,14
\N,2018,5
\N,2019,5
\N,2019,17
\N,2022,6
\N,2022,8
\N,2022,14
\N,2023,8
\N,2023,17
\N,2024,1
\N,2024,15
\N,2025,6
\N,2026,9
\N,2026,3
\N,2027,6
\N,2027,8
\N,2028,8
\N,2029,17
\N,2032,11
\N,2033,8
\N,2034,8
\N,2035,8
\N,2036,8
\N,2038,15
\N,2038,17
\N,2039,6
\N,2039,5
\N,2039,17
\N,2041,8
\N,2042,5
\N,2046,8
\N,2047,5
\N,2047,17
\N,2048,9
\N,2048,1
\N,2048,3
\N,2048,6
\N,2049,1
\N,2049,6
\N,2049,9
\N,2050,8
\N,2050,17
\N,2051,1
\N,2053,1
\N,2054,6
\N,2055,3
\N,2055,6
\N,2055,8
\N,2056,8
\N,2058,6
\N,2064,7
\N,2066,8
\N,2069,15
\N,2069,17
\N,2071,8
\N,2071,14
\N,2072,8
\N,2077,8
\N,2078,1
\N,2078,8
\N,2079,9
\N,2079,4
\N,2079,15
\N,2080,11
\N,2080,15
\N,2080,17
\N,2081,8
\N,2082,6
\N,2083,13
\N,2083,15
\N,2085,6
\N,2085,9
\N,2085,14
\N,2088,1
\N,2088,11
\N,2086,8
\N,2090,6
\N,2090,8
\N,2091,14
\N,2092,19
\N,2094,6
\N,2094,8
\N,2095,6
\N,2095,11
\N,2095,17
\N,2096,6
\N,2096,14
\N,2097,11
\N,2098,1
\N,2098,17
\N,2099,6
\N,2100,1
\N,2100,5
\N,2100,8
\N,2100,17
\N,2101,8
\N,2102,1
\N,2102,5
\N,2102,17
\N,2103,8
\N,2105,8
\N,2106,6
\N,2106,7
\N,2106,8
\N,2107,6
\N,2107,8
\N,2109,9
\N,2109,10
\N,2109,12
\N,2109,3
\N,2112,1
\N,2112,11
\N,2112,15
\N,2112,17
\N,2112,6
\N,2113,6
\N,2114,3
\N,2114,6
\N,2115,11
\N,2115,8
\N,2116,8
\N,2120,13
\N,2120,19
\N,2122,6
\N,2122,8
\N,2122,14
\N,2123,8
\N,2124,8
\N,2127,11
\N,2128,17
\N,2130,6
\N,2130,8
\N,2131,8
\N,4166,18
\N,3814,5
\N,2133,1
\N,2133,17
\N,2133,3
\N,2135,9
\N,2135,3
\N,2135,6
\N,2137,8
\N,2138,6
\N,2139,8
\N,2140,6
\N,2140,14
\N,2140,8
\N,2141,5
\N,2141,8
\N,2142,8
\N,2143,6
\N,2143,12
\N,2145,9
\N,2145,3
\N,2145,6
\N,2146,8
\N,2146,17
\N,2149,8
\N,2150,1
\N,2150,3
\N,2156,6
\N,2158,8
\N,2160,11
\N,2160,17
\N,2160,1
\N,2161,8
\N,2162,8
\N,2163,8
\N,2164,5
\N,2164,8
\N,2165,8
\N,2166,1
\N,2166,11
\N,2166,17
\N,2167,1
\N,2167,5
\N,2167,3
\N,2167,8
\N,2167,15
\N,2167,17
\N,2168,1
\N,2168,17
\N,2168,15
\N,2170,6
\N,2170,8
\N,2171,8
\N,2172,9
\N,2172,3
\N,2172,1
\N,2172,10
\N,2173,8
\N,2173,14
\N,2176,1
\N,2176,15
\N,2176,17
\N,2177,11
\N,2177,15
\N,2177,3
\N,2177,17
\N,2177,1
\N,2178,8
\N,2178,17
\N,2179,6
\N,2180,6
\N,2180,14
\N,2181,6
\N,2181,8
\N,2182,6
\N,2182,8
\N,2183,6
\N,2184,6
\N,2184,14
\N,2185,6
\N,2186,6
\N,2187,6
\N,2187,14
\N,2188,6
\N,2189,6
\N,2189,8
\N,2190,6
\N,2191,8
\N,2191,17
\N,2193,1
\N,2193,6
\N,2192,1
\N,2192,6
\N,2194,9
\N,2194,3
\N,2194,8
\N,2194,15
\N,2194,10
\N,2195,5
\N,2195,8
\N,2195,14
\N,2196,1
\N,2196,6
\N,2197,5
\N,2197,8
\N,2198,8
\N,2199,14
\N,2199,10
\N,2199,6
\N,2201,17
\N,2203,6
\N,2203,12
\N,2203,8
\N,2203,9
\N,2203,10
\N,2204,14
\N,2204,6
\N,2205,7
\N,2206,6
\N,2206,8
\N,2206,14
\N,2208,6
\N,2210,6
\N,2212,5
\N,2212,8
\N,2213,1
\N,2213,8
\N,2213,17
\N,2215,6
\N,2215,8
\N,2216,6
\N,2216,8
\N,2219,9
\N,2219,3
\N,2219,10
\N,2219,6
\N,2220,7
\N,2222,6
\N,2224,3
\N,2224,9
\N,2224,6
\N,2225,6
\N,2226,14
\N,2226,17
\N,2227,14
\N,2227,6
\N,2228,6
\N,2229,11
\N,2230,11
\N,2231,5
\N,2231,8
\N,2232,1
\N,2232,11
\N,2232,17
\N,2233,17
\N,2234,17
\N,2235,17
\N,2236,17
\N,2236,8
\N,2238,1
\N,2240,11
\N,2241,8
\N,2241,10
\N,2241,11
\N,2242,6
\N,2242,14
\N,2243,11
\N,2243,17
\N,2243,15
\N,2245,11
\N,2245,8
\N,2246,17
\N,2247,8
\N,2249,6
\N,2250,6
\N,2251,6
\N,2252,1
\N,2253,5
\N,2253,17
\N,2254,1
\N,2254,8
\N,2254,13
\N,2254,17
\N,2255,14
\N,2256,6
\N,2256,17
\N,2257,8
\N,2258,14
\N,2258,8
\N,2259,17
\N,2260,6
\N,2260,14
\N,2261,6
\N,2261,14
\N,2263,1
\N,2263,8
\N,2263,17
\N,2264,11
\N,2265,1
\N,2265,6
\N,2265,3
\N,2266,1
\N,2266,17
\N,2267,6
\N,2267,17
\N,2267,5
\N,2269,2
\N,2269,3
\N,2270,11
\N,2270,13
\N,2271,8
\N,2272,11
\N,2272,15
\N,2275,9
\N,2275,6
\N,2276,11
\N,2276,15
\N,2280,10
\N,2280,1
\N,2280,3
\N,2281,8
\N,2283,7
\N,4733,8
\N,2284,8
\N,2286,17
\N,2291,13
\N,2292,11
\N,2293,8
\N,2296,6
\N,2296,11
\N,2297,8
\N,2301,1
\N,2301,8
\N,2302,15
\N,2303,8
\N,2303,5
\N,2304,8
\N,2304,17
\N,2305,8
\N,2308,1
\N,2308,3
\N,2309,6
\N,2311,3
\N,2311,15
\N,2312,1
\N,2312,17
\N,2312,5
\N,2312,8
\N,2314,6
\N,2314,8
\N,2316,8
\N,2316,1
\N,2317,8
\N,2318,17
\N,2319,8
\N,2321,5
\N,2321,8
\N,2322,7
\N,2323,8
\N,4714,8
\N,4716,5
\N,4716,8
\N,2325,8
\N,2325,15
\N,2326,8
\N,2327,1
\N,2327,14
\N,2327,15
\N,2329,1
\N,2329,8
\N,2329,5
\N,2330,1
\N,2330,6
\N,2330,17
\N,2331,1
\N,2333,6
\N,2333,8
\N,2334,8
\N,2335,3
\N,2336,6
\N,2336,8
\N,2337,8
\N,2340,8
\N,2341,1
\N,2341,3
\N,2346,8
\N,2347,17
\N,2348,6
\N,2348,8
\N,2349,6
\N,2349,17
\N,2350,8
\N,2352,5
\N,2352,8
\N,2353,6
\N,2355,6
\N,2355,8
\N,2356,6
\N,2357,8
\N,2357,12
\N,2358,6
\N,2358,8
\N,2359,8
\N,2360,15
\N,2362,6
\N,2362,8
\N,2365,9
\N,2365,10
\N,2366,17
\N,2367,6
\N,2368,8
\N,2369,1
\N,2369,8
\N,2369,3
\N,2369,17
\N,2370,8
\N,2371,6
\N,2372,8
\N,2372,6
\N,2372,14
\N,2374,3
\N,2374,9
\N,2374,17
\N,2378,8
\N,2378,10
\N,2378,12
\N,2380,1
\N,2381,6
\N,2381,15
\N,2381,11
\N,2382,8
\N,2384,1
\N,2384,6
\N,2384,8
\N,2384,11
\N,2384,12
\N,2385,8
\N,2387,8
\N,2388,14
\N,2389,5
\N,2389,17
\N,2389,8
\N,2393,1
\N,2394,5
\N,2394,1
\N,2394,6
\N,2394,17
\N,2396,8
\N,2397,6
\N,2397,5
\N,2397,17
\N,2399,6
\N,2400,5
\N,2403,6
\N,2403,14
\N,2404,6
\N,2404,8
\N,2405,7
\N,2406,8
\N,2406,6
\N,2407,8
\N,2408,6
\N,2409,8
\N,2409,14
\N,2409,6
\N,2411,8
\N,2411,5
\N,2411,17
\N,2412,6
\N,2412,14
\N,2413,6
\N,2413,14
\N,2414,8
\N,2414,17
\N,2415,5
\N,2415,8
\N,2416,8
\N,2417,11
\N,2418,6
\N,2418,9
\N,2418,10
\N,2421,8
\N,2423,8
\N,2424,5
\N,2424,8
\N,2426,6
\N,2426,8
\N,2427,17
\N,2428,13
\N,2428,17
\N,2432,8
\N,2433,6
\N,2433,14
\N,2435,10
\N,2435,6
\N,2435,11
\N,2436,8
\N,2437,9
\N,2439,6
\N,2440,3
\N,2440,9
\N,2440,10
\N,2440,11
\N,2442,11
\N,2442,17
\N,2443,6
\N,2444,5
\N,2445,6
\N,2446,6
\N,2446,8
\N,2446,14
\N,2448,8
\N,2449,8
\N,2450,5
\N,2450,17
\N,2451,8
\N,2452,8
\N,2454,8
\N,2454,17
\N,2454,1
\N,2455,8
\N,2455,14
\N,2459,8
\N,2459,13
\N,2460,6
\N,2460,5
\N,2462,1
\N,2462,17
\N,2463,8
\N,2464,11
\N,2464,17
\N,2467,8
\N,2467,5
\N,2467,17
\N,2469,8
\N,2470,6
\N,2472,11
\N,2472,17
\N,2473,10
\N,2473,3
\N,2475,10
\N,2475,3
\N,2478,6
\N,2478,14
\N,2479,8
\N,2480,8
\N,2481,8
\N,2482,8
\N,2483,8
\N,2483,13
\N,2483,17
\N,2485,1
\N,2485,3
\N,2485,15
\N,2484,7
\N,2488,8
\N,2488,17
\N,2489,11
\N,2489,17
\N,2490,3
\N,2490,17
\N,2490,13
\N,2492,11
\N,2492,15
\N,2492,3
\N,2492,17
\N,2492,1
\N,2493,8
\N,2493,14
\N,2494,8
\N,2494,6
\N,2496,1
\N,2496,5
\N,2497,14
\N,2497,6
\N,2498,8
\N,2499,6
\N,2499,14
\N,2495,6
\N,2495,14
\N,2502,8
\N,2504,8
\N,2505,8
\N,2505,6
\N,2506,6
\N,2507,6
\N,2507,14
\N,2509,6
\N,2509,8
\N,2510,8
\N,2511,6
\N,2512,6
\N,2513,14
\N,2514,6
\N,2519,8
\N,2519,17
\N,2522,6
\N,2522,8
\N,2522,5
\N,2520,6
\N,2520,8
\N,2520,14
\N,2525,8
\N,2525,17
\N,2526,6
\N,2526,14
\N,2527,6
\N,2527,8
\N,2528,6
\N,2528,14
\N,2529,6
\N,2529,8
\N,2530,6
\N,2531,8
\N,2521,14
\N,2521,6
\N,2521,12
\N,2532,6
\N,2532,14
\N,2534,8
\N,2535,10
\N,2536,17
\N,2537,6
\N,2537,5
\N,2538,6
\N,2538,5
\N,2539,8
\N,2540,13
\N,2540,8
\N,2540,14
\N,2542,1
\N,2542,8
\N,2542,15
\N,2545,6
\N,2545,8
\N,2546,8
\N,2546,14
\N,2549,8
\N,2550,8
\N,2552,5
\N,2552,17
\N,2553,6
\N,2553,14
\N,2554,8
\N,2554,17
\N,2555,6
\N,2555,5
\N,2555,8
\N,2556,17
\N,2556,8
\N,2556,13
\N,2556,14
\N,2557,8
\N,2557,14
\N,2560,6
\N,2560,5
\N,2560,8
\N,2561,1
\N,2562,9
\N,2562,6
\N,2563,8
\N,2564,6
\N,2564,8
\N,2565,12
\N,2566,7
\N,2567,17
\N,2568,3
\N,2568,9
\N,2568,10
\N,2570,8
\N,2571,6
\N,2571,14
\N,2573,6
\N,2574,6
\N,2577,8
\N,2583,8
\N,2583,14
\N,2582,6
\N,2584,6
\N,2584,8
\N,2584,14
\N,2585,8
\N,2586,8
\N,2586,14
\N,2587,1
\N,2587,3
\N,2587,8
\N,2589,8
\N,2590,6
\N,2594,1
\N,2594,8
\N,2594,17
\N,2595,6
\N,2595,8
\N,2595,14
\N,2592,6
\N,2592,5
\N,2593,6
\N,2593,8
\N,2593,5
\N,2597,8
\N,2600,1
\N,2600,6
\N,2600,11
\N,2600,14
\N,2602,6
\N,2603,8
\N,2604,8
\N,2605,8
\N,2606,8
\N,2607,8
\N,2607,14
\N,2608,8
\N,2611,1
\N,2611,6
\N,2611,15
\N,2612,1
\N,2612,8
\N,2612,17
\N,2613,6
\N,2613,14
\N,2614,6
\N,2614,7
\N,2616,8
\N,2618,8
\N,2621,1
\N,2621,19
\N,2621,3
\N,2621,8
\N,2621,14
\N,2621,6
\N,2622,8
\N,2624,17
\N,2625,6
\N,2625,9
\N,2626,1
\N,2626,17
\N,2626,6
\N,2627,6
\N,2627,14
\N,2628,6
\N,2628,14
\N,2630,9
\N,2630,10
\N,2630,6
\N,2631,6
\N,2632,1
\N,2632,17
\N,2632,15
\N,2635,8
\N,2636,1
\N,2636,6
\N,2636,11
\N,2639,6
\N,2639,9
\N,2640,1
\N,2641,1
\N,2641,3
\N,2641,17
\N,2642,11
\N,2643,6
\N,2643,14
\N,2645,14
\N,2647,6
\N,2647,18
\N,2649,8
\N,2651,8
\N,2652,3
\N,2652,6
\N,2653,1
\N,2654,6
\N,2654,8
\N,2655,17
\N,2657,6
\N,2657,8
\N,2657,14
\N,2658,10
\N,2658,13
\N,2658,14
\N,2658,8
\N,2659,14
\N,2660,6
\N,2661,6
\N,2662,6
\N,2664,17
\N,2665,1
\N,2665,5
\N,2665,17
\N,2666,8
\N,2667,8
\N,2668,8
\N,2668,5
\N,2668,13
\N,2668,17
\N,2670,1
\N,2670,15
\N,2670,17
\N,2671,1
\N,2671,6
\N,2671,15
\N,2672,1
\N,2672,6
\N,2672,10
\N,2672,15
\N,2673,8
\N,2674,1
\N,2675,6
\N,2675,8
\N,2675,14
\N,2677,1
\N,2678,1
\N,2678,8
\N,2678,17
\N,2679,13
\N,2679,17
\N,2680,1
\N,2680,8
\N,2680,5
\N,2681,11
\N,2681,13
\N,2681,17
\N,2682,14
\N,2683,9
\N,2685,1
\N,2685,3
\N,2686,1
\N,2686,6
\N,2686,17
\N,2687,6
\N,2687,8
\N,2688,1
\N,2688,6
\N,2688,14
\N,2693,6
\N,2693,5
\N,2693,14
\N,2695,1
\N,2695,8
\N,2697,17
\N,2699,1
\N,2699,8
\N,2699,17
\N,2700,17
\N,2702,6
\N,2702,10
\N,2702,14
\N,2705,6
\N,2706,9
\N,2706,10
\N,2706,17
\N,2707,9
\N,2707,1
\N,2708,8
\N,2710,6
\N,2711,1
\N,2711,15
\N,2712,8
\N,2712,14
\N,2713,3
\N,2713,6
\N,2713,1
\N,2714,11
\N,2715,11
\N,2715,15
\N,2715,17
\N,2716,17
\N,2717,17
\N,2719,1
\N,2719,11
\N,2719,13
\N,2719,15
\N,2719,17
\N,2720,1
\N,2720,10
\N,2720,15
\N,2720,17
\N,2720,5
\N,2720,8
\N,2720,13
\N,2721,8
\N,2721,13
\N,2722,7
\N,2723,1
\N,2723,17
\N,2724,6
\N,2724,8
\N,2724,14
\N,2740,5
\N,2740,8
\N,2740,14
\N,2725,17
\N,2728,1
\N,2728,6
\N,2729,7
\N,2729,8
\N,2730,8
\N,2734,1
\N,2734,3
\N,2734,17
\N,2735,1
\N,2735,3
\N,2735,13
\N,2735,17
\N,2737,17
\N,2737,11
\N,2738,1
\N,2738,8
\N,2738,17
\N,2741,6
\N,2741,8
\N,2742,3
\N,2743,1
\N,2743,17
\N,2745,3
\N,2745,6
\N,2746,6
\N,2746,8
\N,2746,14
\N,2747,17
\N,2747,11
\N,2749,8
\N,2750,6
\N,2750,8
\N,2753,9
\N,2755,1
\N,2755,6
\N,2756,1
\N,2756,6
\N,2756,8
\N,2758,4
\N,2758,10
\N,2758,6
\N,2761,6
\N,2761,14
\N,2763,8
\N,2763,14
\N,2764,5
\N,2764,1
\N,2765,6
\N,2765,8
\N,2766,15
\N,2768,8
\N,2768,14
\N,2769,8
\N,2769,14
\N,2770,6
\N,2770,8
\N,2771,15
\N,2771,17
\N,2774,10
\N,2774,1
\N,2774,3
\N,2775,10
\N,2775,1
\N,2775,3
\N,2776,15
\N,2776,1
\N,2778,1
\N,2778,17
\N,2779,6
\N,2780,17
\N,2781,8
\N,2783,17
\N,2783,13
\N,2784,8
\N,2784,12
\N,2784,14
\N,2785,9
\N,2785,6
\N,2786,1
\N,2786,17
\N,2789,8
\N,2789,14
\N,2790,6
\N,2791,7
\N,2792,6
\N,2792,14
\N,2793,8
\N,2794,6
\N,2794,14
\N,2795,4
\N,2795,9
\N,2795,6
\N,2795,3
\N,2795,14
\N,2797,6
\N,2798,8
\N,2798,9
\N,2798,10
\N,2799,15
\N,2800,6
\N,2801,8
\N,2801,14
\N,2802,8
\N,2802,14
\N,2803,6
\N,2803,8
\N,2804,6
\N,2805,8
\N,2806,8
\N,2806,13
\N,2806,17
\N,2807,5
\N,2807,8
\N,2807,17
\N,2808,6
\N,2809,6
\N,2809,8
\N,2811,3
\N,2811,1
\N,2811,11
\N,2812,5
\N,2812,17
\N,2816,17
\N,2817,6
\N,2817,14
\N,2819,6
\N,4177,18
\N,2820,14
\N,2821,8
\N,2822,1
\N,2822,8
\N,2822,3
\N,2822,14
\N,2824,11
\N,2824,15
\N,2825,11
\N,2825,17
\N,2826,8
\N,2827,8
\N,2827,17
\N,2828,9
\N,2828,6
\N,2830,8
\N,2830,6
\N,2831,6
\N,2831,14
\N,2832,6
\N,2832,14
\N,2834,17
\N,2836,8
\N,2836,9
\N,2837,8
\N,2838,9
\N,2838,6
\N,2838,15
\N,2839,6
\N,2840,6
\N,2840,8
\N,2841,6
\N,2841,8
\N,2842,9
\N,2844,6
\N,2845,6
\N,2846,17
\N,2847,8
\N,2847,14
\N,2849,6
\N,2849,8
\N,2849,14
\N,2852,8
\N,2853,1
\N,2853,6
\N,2855,17
\N,2856,6
\N,2857,8
\N,2858,8
\N,2858,6
\N,2859,17
\N,2860,8
\N,2861,8
\N,2861,14
\N,2862,6
\N,2862,8
\N,2865,17
\N,2866,7
\N,2868,18
\N,2868,7
\N,2869,8
\N,2869,17
\N,2870,1
\N,2870,6
\N,2871,11
\N,2873,17
\N,2875,1
\N,2877,1
\N,2877,8
\N,2877,17
\N,2878,1
\N,2878,15
\N,2878,17
\N,2881,17
\N,2881,1
\N,2883,6
\N,2883,14
\N,2884,6
\N,2884,14
\N,2886,17
\N,2887,8
\N,2887,6
\N,2888,15
\N,2888,17
\N,2889,8
\N,2890,17
\N,2891,6
\N,2892,5
\N,2892,8
\N,2893,8
\N,2894,8
\N,2894,13
\N,2894,15
\N,2895,3
\N,2897,1
\N,2898,1
\N,2898,5
\N,2898,8
\N,2898,19
\N,2899,6
\N,2899,8
\N,2900,6
\N,2900,14
\N,2900,8
\N,2901,6
\N,2902,6
\N,2902,8
\N,2902,14
\N,2903,1
\N,2903,15
\N,2903,6
\N,2903,3
\N,2903,17
\N,2904,8
\N,2905,14
\N,2905,6
\N,2906,8
\N,2907,6
\N,2907,14
\N,2908,1
\N,2908,17
\N,2909,8
\N,2910,8
\N,2912,8
\N,2912,17
\N,2913,5
\N,2913,8
\N,2914,11
\N,2915,1
\N,2915,8
\N,2915,11
\N,2919,11
\N,2920,8
\N,2922,1
\N,2922,17
\N,2923,8
\N,2924,17
\N,2924,11
\N,2925,8
\N,2926,8
\N,2927,6
\N,2928,11
\N,2928,17
\N,2928,13
\N,2929,8
\N,2930,1
\N,2930,15
\N,2931,8
\N,2934,1
\N,2934,5
\N,2935,1
\N,2936,1
\N,2936,17
\N,2937,8
\N,2938,6
\N,2938,8
\N,2938,14
\N,2939,6
\N,2939,18
\N,2939,8
\N,2943,1
\N,2943,11
\N,2943,8
\N,2943,10
\N,2946,1
\N,2946,8
\N,2946,17
\N,2947,8
\N,2949,6
\N,2953,8
\N,2954,5
\N,2954,8
\N,2955,8
\N,2955,14
\N,2957,6
\N,2958,8
\N,2959,11
\N,2959,15
\N,2960,15
\N,2962,6
\N,2962,14
\N,2964,3
\N,2964,6
\N,2966,6
\N,2966,14
\N,2966,8
\N,2967,6
\N,2967,13
\N,2967,5
\N,2967,17
\N,2968,8
\N,2969,1
\N,2970,5
\N,2970,8
\N,2970,13
\N,2972,6
\N,2972,17
\N,2973,8
\N,2973,17
\N,2974,6
\N,2974,8
\N,2975,6
\N,2976,6
\N,2976,14
\N,2976,15
\N,2977,8
\N,2978,6
\N,2978,3
\N,2978,5
\N,2979,8
\N,2981,6
\N,2981,8
\N,2981,14
\N,2982,8
\N,2982,17
\N,2983,6
\N,2983,5
\N,2986,8
\N,2987,11
\N,2988,11
\N,2989,6
\N,2991,3
\N,2991,10
\N,2991,8
\N,2992,8
\N,2993,6
\N,2993,11
\N,2993,17
\N,2994,6
\N,2996,8
\N,2997,6
\N,2998,6
\N,2998,14
\N,3000,1
\N,3000,15
\N,3002,1
\N,3002,17
\N,3003,6
\N,3004,17
\N,3005,8
\N,3007,15
\N,3008,6
\N,3008,9
\N,3008,14
\N,3009,1
\N,4719,1
\N,4719,6
\N,3010,9
\N,3010,3
\N,3010,10
\N,3011,5
\N,3011,8
\N,3013,8
\N,3014,8
\N,3015,7
\N,3016,8
\N,3017,14
\N,3017,6
\N,3017,8
\N,3018,17
\N,3019,14
\N,3020,8
\N,3020,17
\N,3021,5
\N,3021,8
\N,3022,6
\N,3022,5
\N,3023,8
\N,3024,6
\N,3025,8
\N,3026,1
\N,3026,17
\N,3027,1
\N,3027,5
\N,3028,8
\N,3030,8
\N,3031,8
\N,3032,8
\N,3032,14
\N,3033,1
\N,3033,17
\N,3037,1
\N,3037,3
\N,3037,6
\N,3037,18
\N,3038,1
\N,3038,8
\N,3039,6
\N,3041,8
\N,3041,17
\N,3042,8
\N,3045,6
\N,3046,6
\N,3047,8
\N,3048,1
\N,3048,8
\N,3048,17
\N,3049,5
\N,3051,5
\N,3051,8
\N,3052,6
\N,3052,7
\N,3054,17
\N,3055,8
\N,3055,14
\N,3056,4
\N,3056,6
\N,3057,8
\N,3058,6
\N,3058,8
\N,3059,8
\N,3060,3
\N,3060,8
\N,3061,8
\N,3061,14
\N,3061,6
\N,3062,8
\N,3063,8
\N,3064,8
\N,3064,17
\N,3064,11
\N,3065,8
\N,3066,8
\N,3067,6
\N,3067,8
\N,3069,8
\N,3069,17
\N,3073,8
\N,3075,6
\N,3074,6
\N,3076,8
\N,3077,6
\N,3078,1
\N,3078,8
\N,3078,17
\N,3079,1
\N,3079,3
\N,3080,19
\N,3083,6
\N,3083,8
\N,3083,14
\N,3086,3
\N,3086,5
\N,3086,1
\N,3088,1
\N,3089,1
\N,3089,17
\N,3090,14
\N,3092,5
\N,3092,17
\N,3094,6
\N,3095,5
\N,3095,8
\N,3096,1
\N,3096,11
\N,3096,10
\N,3096,17
\N,3097,8
\N,3097,1
\N,3098,6
\N,3098,17
\N,3100,8
\N,3101,5
\N,3101,13
\N,3101,17
\N,3102,6
\N,3102,8
\N,3103,6
\N,3104,13
\N,3104,17
\N,3105,6
\N,3105,5
\N,3106,8
\N,3107,1
\N,3107,17
\N,3109,8
\N,3110,8
\N,3110,17
\N,3110,5
\N,3112,8
\N,3113,8
\N,3114,8
\N,3114,14
\N,3119,6
\N,3119,9
\N,3119,14
\N,3120,6
\N,3120,5
\N,3121,1
\N,3122,11
\N,3123,17
\N,3124,5
\N,3124,17
\N,3125,3
\N,3125,8
\N,3126,14
\N,3126,8
\N,3126,17
\N,3129,1
\N,3129,8
\N,3129,17
\N,3130,6
\N,3130,8
\N,3131,8
\N,3132,3
\N,3133,1
\N,3133,8
\N,3133,18
\N,3134,3
\N,3134,6
\N,3135,6
\N,3135,8
\N,3138,8
\N,3139,17
\N,3140,1
\N,3140,5
\N,3140,17
\N,3141,1
\N,3142,1
\N,3142,17
\N,3143,8
\N,4185,18
\N,3143,1
\N,3143,18
\N,3143,14
\N,3145,6
\N,3146,5
\N,3146,13
\N,3146,17
\N,3147,6
\N,3147,18
\N,3148,6
\N,3148,8
\N,3148,14
\N,3149,8
\N,3150,6
\N,3150,11
\N,3151,1
\N,3151,5
\N,3151,14
\N,3152,6
\N,3152,14
\N,3156,6
\N,3156,9
\N,3157,3
\N,3157,8
\N,3157,1
\N,3157,17
\N,3158,1
\N,3158,17
\N,3160,8
\N,3161,8
\N,3163,8
\N,3165,8
\N,3166,8
\N,3166,14
\N,3167,8
\N,3167,14
\N,3168,1
\N,3168,17
\N,3169,6
\N,3170,8
\N,3171,6
\N,3171,15
\N,3171,8
\N,3171,19
\N,3173,11
\N,3173,19
\N,3174,9
\N,3174,3
\N,3175,17
\N,3175,11
\N,3177,1
\N,3177,8
\N,3177,17
\N,3178,6
\N,3179,8
\N,3179,14
\N,3181,5
\N,3181,8
\N,3183,17
\N,3183,8
\N,3184,6
\N,3184,8
\N,3185,8
\N,3185,10
\N,3185,13
\N,3186,15
\N,3186,17
\N,3187,8
\N,3188,8
\N,3204,8
\N,3190,6
\N,3192,8
\N,3192,14
\N,3193,6
\N,3193,14
\N,3195,6
\N,3195,14
\N,3196,8
\N,3197,7
\N,3200,6
\N,3200,14
\N,3201,11
\N,3201,15
\N,3203,11
\N,3203,15
\N,3203,17
\N,3206,8
\N,3207,6
\N,3207,14
\N,3208,8
\N,3208,6
\N,3210,1
\N,3210,3
\N,3210,15
\N,3210,8
\N,3212,10
\N,3213,1
\N,3214,8
\N,3214,6
\N,3216,17
\N,3219,6
\N,3219,8
\N,3220,8
\N,3220,14
\N,3221,6
\N,3221,8
\N,3221,17
\N,3222,5
\N,3222,17
\N,3223,6
\N,3224,10
\N,3224,6
\N,3224,8
\N,3227,15
\N,3228,8
\N,3230,1
\N,3230,8
\N,3232,1
\N,3235,17
\N,3236,8
\N,3237,8
\N,3237,17
\N,3238,6
\N,3239,8
\N,4721,11
\N,3242,6
\N,3242,5
\N,3243,6
\N,3243,12
\N,3243,3
\N,3243,1
\N,3244,7
\N,3246,7
\N,3248,8
\N,3249,14
\N,3250,6
\N,3250,8
\N,3252,6
\N,3254,17
\N,3255,10
\N,3255,8
\N,3256,13
\N,3258,8
\N,3259,1
\N,3259,5
\N,3259,8
\N,3260,1
\N,3261,4
\N,3261,1
\N,3261,6
\N,3261,9
\N,3261,10
\N,3262,8
\N,3262,14
\N,3263,8
\N,3265,15
\N,3266,6
\N,3270,1
\N,3270,17
\N,3271,17
\N,3272,17
\N,3272,5
\N,3272,8
\N,3274,1
\N,3274,17
\N,3275,8
\N,3276,8
\N,3277,8
\N,3278,8
\N,3278,14
\N,3280,8
\N,3281,8
\N,3281,17
\N,3282,6
\N,3282,8
\N,3283,8
\N,3285,1
\N,3285,3
\N,3285,8
\N,3286,4
\N,3286,9
\N,3286,12
\N,3286,8
\N,3289,8
\N,3291,3
\N,3291,8
\N,3292,17
\N,3293,6
\N,3293,8
\N,3294,6
\N,3294,8
\N,3295,1
\N,3295,5
\N,3295,8
\N,3299,15
\N,3300,15
\N,3300,17
\N,3301,11
\N,3301,15
\N,3303,1
\N,3303,6
\N,3303,5
\N,3303,17
\N,3304,1
\N,3304,8
\N,3304,17
\N,3306,11
\N,3307,11
\N,3307,17
\N,3308,11
\N,3308,17
\N,3309,17
\N,3310,17
\N,3311,3
\N,3311,8
\N,3311,14
\N,3314,15
\N,3314,17
\N,3316,17
\N,3317,8
\N,3318,11
\N,3318,17
\N,3319,6
\N,3320,8
\N,3320,17
\N,3321,8
\N,3322,6
\N,3322,8
\N,3322,14
\N,3323,6
\N,3323,8
\N,3323,14
\N,3324,6
\N,3325,8
\N,3326,5
\N,3326,17
\N,3327,1
\N,3327,17
\N,3328,8
\N,3330,6
\N,3331,11
\N,3331,17
\N,3335,11
\N,3336,6
\N,3337,8
\N,3337,17
\N,3337,18
\N,3340,8
\N,3344,9
\N,3348,1
\N,3348,17
\N,3349,11
\N,3349,17
\N,3350,10
\N,3350,11
\N,3350,14
\N,3350,17
\N,3350,13
\N,3352,8
\N,3354,8
\N,3354,14
\N,3357,8
\N,3357,14
\N,3358,8
\N,3359,19
\N,3361,1
\N,3361,8
\N,3361,17
\N,3363,11
\N,3363,15
\N,3363,1
\N,3364,6
\N,3367,8
\N,3368,6
\N,3370,8
\N,3371,17
\N,3373,1
\N,3375,6
\N,3375,19
\N,3375,8
\N,3375,11
\N,3376,1
\N,3376,5
\N,3378,1
\N,3378,17
\N,3380,6
\N,3380,8
\N,3381,6
\N,3382,6
\N,3383,6
\N,3383,8
\N,3385,17
\N,3385,13
\N,3386,8
\N,3388,8
\N,3389,8
\N,3391,17
\N,3394,5
\N,3394,8
\N,3394,17
\N,3395,5
\N,3395,11
\N,3395,17
\N,3396,5
\N,3396,8
\N,3397,1
\N,3397,17
\N,3398,15
\N,3398,1
\N,3398,17
\N,3399,1
\N,3407,17
\N,3408,8
\N,3409,1
\N,3409,3
\N,3410,8
\N,3410,18
\N,3411,7
\N,3413,1
\N,3413,10
\N,3413,15
\N,3413,17
\N,3414,5
\N,3414,17
\N,3414,1
\N,3416,11
\N,3416,17
\N,3417,6
\N,3418,6
\N,3419,11
\N,3419,17
\N,3421,9
\N,3421,8
\N,3422,17
\N,3423,1
\N,3423,17
\N,3424,1
\N,3425,6
\N,3426,6
\N,3427,1
\N,3427,15
\N,3427,17
\N,3428,8
\N,3431,1
\N,3431,17
\N,3431,11
\N,3431,15
\N,3432,6
\N,3432,8
\N,3432,9
\N,3433,8
\N,3434,8
\N,3435,1
\N,3435,17
\N,3438,1
\N,3438,15
\N,3438,17
\N,3443,8
\N,3443,6
\N,3443,14
\N,3444,8
\N,3444,14
\N,3444,17
\N,3445,1
\N,3445,8
\N,3445,11
\N,3445,17
\N,3446,6
\N,3448,7
\N,3449,17
\N,3450,8
\N,3450,18
\N,3451,8
\N,3452,6
\N,3454,8
\N,3454,9
\N,3456,6
\N,3456,8
\N,3458,9
\N,3458,8
\N,3459,14
\N,3459,17
\N,3461,8
\N,3461,11
\N,3461,13
\N,3461,17
\N,3462,17
\N,3463,6
\N,3465,8
\N,3466,8
\N,3470,17
\N,3472,8
\N,3473,8
\N,3475,8
\N,3479,4
\N,3479,3
\N,3479,9
\N,3481,5
\N,3481,8
\N,3482,1
\N,3482,6
\N,3483,6
\N,3485,8
\N,3485,1
\N,3485,14
\N,3485,18
\N,3486,3
\N,3486,8
\N,4722,1
\N,4722,5
\N,4722,15
\N,3489,6
\N,3489,11
\N,3491,6
\N,3491,8
\N,3493,1
\N,3493,17
\N,3494,6
\N,3494,14
\N,3494,15
\N,3496,8
\N,3498,6
\N,3498,8
\N,3499,1
\N,3499,15
\N,3504,1
\N,3504,8
\N,3504,14
\N,3505,1
\N,3506,1
\N,3506,5
\N,3506,17
\N,3507,8
\N,3507,14
\N,3508,6
\N,3508,8
\N,3509,8
\N,3511,8
\N,3512,1
\N,3512,8
\N,3515,1
\N,3515,17
\N,4725,15
\N,4725,4
\N,4725,1
\N,4725,3
\N,4725,18
\N,3517,8
\N,3520,5
\N,3520,8
\N,3521,14
\N,3521,19
\N,3522,6
\N,3522,8
\N,3523,8
\N,4051,18
\N,3523,19
\N,3525,8
\N,3528,6
\N,3528,8
\N,3528,14
\N,3528,17
\N,3529,17
\N,3531,8
\N,3532,11
\N,3534,1
\N,3534,5
\N,3535,8
\N,3536,6
\N,3537,6
\N,3537,14
\N,3538,8
\N,3538,5
\N,3541,1
\N,3541,6
\N,3542,1
\N,3542,5
\N,3542,6
\N,3543,8
\N,3543,14
\N,3543,6
\N,3548,6
\N,3548,15
\N,3548,8
\N,3549,1
\N,3549,17
\N,3550,6
\N,3550,14
\N,4727,6
\N,3551,1
\N,3551,11
\N,3551,17
\N,3551,13
\N,3552,17
\N,3552,8
\N,3553,6
\N,3554,8
\N,3556,8
\N,3556,10
\N,3555,1
\N,3555,14
\N,3555,17
\N,3558,5
\N,3558,8
\N,3558,17
\N,3562,17
\N,3563,11
\N,3564,6
\N,3564,8
\N,3565,9
\N,3565,6
\N,3568,8
\N,3568,17
\N,3569,17
\N,3569,1
\N,3571,1
\N,3571,19
\N,3572,14
\N,3572,8
\N,3573,6
\N,3573,5
\N,3574,6
\N,3574,14
\N,3576,8
\N,3576,18
\N,3577,11
\N,3578,6
\N,3578,14
\N,3583,8
\N,3583,14
\N,3585,6
\N,3585,11
\N,3585,13
\N,3586,6
\N,3586,11
\N,3591,15
\N,3592,3
\N,3592,13
\N,3592,9
\N,3592,6
\N,3592,10
\N,3593,5
\N,3593,8
\N,3593,17
\N,3594,1
\N,3594,13
\N,3594,17
\N,3595,17
\N,3595,8
\N,3596,1
\N,3596,3
\N,3596,17
\N,3598,6
\N,3598,5
\N,3600,7
\N,3601,11
\N,3601,6
\N,3601,13
\N,3601,17
\N,3603,6
\N,3604,17
\N,3605,5
\N,3605,17
\N,3605,8
\N,3605,13
\N,3610,8
\N,3610,6
\N,3611,6
\N,3613,8
\N,3615,6
\N,3615,15
\N,3616,8
\N,3616,15
\N,3616,18
\N,3617,3
\N,3617,9
\N,3618,17
\N,3620,1
\N,3620,6
\N,3621,8
\N,3622,3
\N,3622,15
\N,3623,8
\N,3629,8
\N,3630,8
\N,3635,8
\N,3636,6
\N,3636,5
\N,3636,9
\N,3637,8
\N,3637,12
\N,3638,3
\N,3638,4
\N,3638,10
\N,3638,8
\N,3640,6
\N,3641,6
\N,3641,14
\N,3642,6
\N,3645,15
\N,3646,6
\N,3646,14
\N,3647,17
\N,3648,6
\N,3648,8
\N,3649,8
\N,3650,17
\N,3651,6
\N,3651,14
\N,3652,11
\N,3652,17
\N,3653,1
\N,3653,8
\N,3654,1
\N,3654,8
\N,3654,17
\N,3655,6
\N,3656,1
\N,3656,5
\N,3656,17
\N,3657,17
\N,3658,6
\N,3658,14
\N,3659,8
\N,3659,3
\N,3661,11
\N,3664,10
\N,3667,6
\N,3669,2
\N,3669,8
\N,3669,14
\N,3673,5
\N,3676,6
\N,3677,17
\N,3678,11
\N,3679,1
\N,3679,17
\N,3683,8
\N,3684,8
\N,3685,13
\N,3685,17
\N,3687,8
\N,3687,11
\N,3688,8
\N,3689,1
\N,3689,5
\N,3690,8
\N,3690,12
\N,3691,1
\N,3692,14
\N,3692,6
\N,3693,6
\N,3694,8
\N,3694,17
\N,3695,6
\N,3695,8
\N,3695,14
\N,3697,3
\N,3698,1
\N,3698,19
\N,3698,6
\N,3699,8
\N,3702,11
\N,3702,13
\N,3702,17
\N,3703,17
\N,3708,6
\N,3708,14
\N,3709,6
\N,3709,8
\N,3709,14
\N,3710,6
\N,3710,14
\N,3714,10
\N,3714,8
\N,3714,9
\N,3715,8
\N,3717,8
\N,3718,8
\N,3721,1
\N,3722,6
\N,3722,14
\N,3724,8
\N,3725,5
\N,3725,8
\N,3725,17
\N,3726,8
\N,3726,18
\N,3728,7
\N,3729,1
\N,3729,17
\N,3730,8
\N,3731,1
\N,3731,6
\N,3732,3
\N,3732,14
\N,3732,4
\N,3732,10
\N,3732,9
\N,3732,6
\N,3733,6
\N,3733,11
\N,3735,6
\N,3735,14
\N,3736,3
\N,3736,15
\N,3738,1
\N,3739,1
\N,3739,6
\N,3741,6
\N,3741,14
\N,3743,1
\N,3743,17
\N,3743,8
\N,3746,8
\N,3746,15
\N,3746,17
\N,3747,1
\N,3747,15
\N,3748,1
\N,3748,8
\N,3748,17
\N,3750,1
\N,3750,8
\N,3750,14
\N,3751,8
\N,3752,8
\N,3754,8
\N,3754,6
\N,3755,8
\N,3756,5
\N,3756,17
\N,3756,8
\N,3757,9
\N,3757,6
\N,3757,10
\N,3758,6
\N,3758,14
\N,3761,1
\N,3761,4
\N,3763,8
\N,3764,8
\N,3767,6
\N,3767,8
\N,3767,14
\N,3768,8
\N,3770,8
\N,3769,8
\N,3772,8
\N,3774,6
\N,3774,1
\N,3775,1
\N,3776,6
\N,3777,1
\N,3777,3
\N,3777,15
\N,3778,6
\N,3781,9
\N,3781,10
\N,3781,17
\N,3785,11
\N,3786,5
\N,3786,8
\N,3787,8
\N,3787,14
\N,3789,17
\N,3790,17
\N,3791,8
\N,3791,6
\N,3793,17
\N,3793,15
\N,3794,1
\N,3794,17
\N,3795,6
\N,3796,8
\N,3797,6
\N,3797,9
\N,3798,6
\N,3799,6
\N,3800,6
\N,3803,5
\N,3803,8
\N,3804,8
\N,3804,14
\N,3805,11
\N,3807,11
\N,3807,13
\N,3808,6
\N,3808,14
\N,3809,8
\N,3810,6
\N,3810,8
\N,3802,6
\N,3802,8
\N,3811,8
\N,3812,1
\N,3812,4
\N,3812,9
\N,3812,15
\N,3812,3
\N,3812,6
\N,3814,6
\N,3814,14
\N,3815,6
\N,3816,1
\N,3816,15
\N,3816,17
\N,3818,8
\N,3819,6
\N,3819,8
\N,3820,8
\N,3821,1
\N,3821,13
\N,3821,17
\N,3822,5
\N,3822,6
\N,3824,5
\N,3824,8
\N,3826,6
\N,3826,9
\N,3826,3
\N,3826,14
\N,3827,6
\N,3827,14
\N,3828,6
\N,3829,8
\N,3830,10
\N,3830,11
\N,3831,6
\N,3834,8
\N,3835,6
\N,3836,6
\N,3836,8
\N,3837,6
\N,3838,6
\N,3839,15
\N,3839,1
\N,3840,1
\N,3840,8
\N,3840,17
\N,3841,8
\N,3842,8
\N,3844,6
\N,3844,14
\N,3845,1
\N,3845,15
\N,3846,8
\N,3847,8
\N,3847,14
\N,3848,6
\N,3848,8
\N,3849,8
\N,3850,8
\N,3851,8
\N,3852,6
\N,3852,8
\N,3853,6
\N,3853,14
\N,3856,6
\N,3856,8
\N,3856,14
\N,3857,8
\N,3858,11
\N,3858,10
\N,3859,11
\N,3860,8
\N,3860,6
\N,3861,1
\N,3861,8
\N,3861,5
\N,3863,8
\N,3864,8
\N,3866,17
\N,3866,11
\N,3868,6
\N,3869,6
\N,3870,5
\N,3870,17
\N,3870,1
\N,3871,6
\N,3871,8
\N,3872,8
\N,3874,11
\N,3874,17
\N,3878,6
\N,3878,15
\N,3878,11
\N,3878,3
\N,3878,1
\N,3879,6
\N,3880,6
\N,3882,8
\N,3882,19
\N,3883,4
\N,3883,12
\N,3883,6
\N,3884,8
\N,3886,3
\N,3886,9
\N,3886,6
\N,3886,15
\N,3888,6
\N,3888,15
\N,3889,1
\N,3889,15
\N,3891,8
\N,3891,17
\N,3891,13
\N,3893,1
\N,3893,10
\N,3893,11
\N,3894,2
\N,3896,6
\N,3897,1
\N,3897,15
\N,3898,11
\N,3898,15
\N,3898,17
\N,3900,1
\N,3900,17
\N,3901,8
\N,3902,15
\N,3902,17
\N,3904,17
\N,3906,1
\N,3906,10
\N,3906,15
\N,3907,11
\N,3907,15
\N,3909,1
\N,3909,17
\N,3910,8
\N,3911,6
\N,3912,9
\N,3913,17
\N,3914,6
\N,3915,8
\N,3916,15
\N,3917,6
\N,3918,6
\N,3918,5
\N,3918,8
\N,3919,1
\N,3919,8
\N,3919,17
\N,3920,6
\N,3920,1
\N,3921,3
\N,3921,6
\N,3921,15
\N,3921,9
\N,3922,6
\N,3922,17
\N,3922,11
\N,3923,8
\N,3926,1
\N,3926,11
\N,3927,7
\N,3929,8
\N,3930,15
\N,3931,3
\N,3931,15
\N,3932,6
\N,3932,8
\N,3933,1
\N,3933,15
\N,3934,1
\N,3934,15
\N,3935,1
\N,3935,15
\N,3935,17
\N,3935,8
\N,3940,15
\N,3940,3
\N,3940,1
\N,3942,8
\N,3942,6
\N,3945,6
\N,3945,5
\N,3946,15
\N,3946,17
\N,3948,15
\N,3948,1
\N,3948,3
\N,3950,6
\N,3951,8
\N,3952,8
\N,3952,12
\N,3952,5
\N,3952,1
\N,3955,6
\N,3956,8
\N,3958,1
\N,3959,1
\N,3959,10
\N,3960,3
\N,3962,17
\N,3963,8
\N,3963,6
\N,3965,8
\N,3966,8
\N,3968,8
\N,3968,11
\N,3968,17
\N,3971,17
\N,3971,11
\N,3974,8
\N,3977,7
\N,4728,11
\N,4728,17
\N,3979,1
\N,3979,15
\N,3982,6
\N,3982,14
\N,3982,8
\N,3983,6
\N,3983,8
\N,3984,15
\N,3984,13
\N,3984,1
\N,3985,6
\N,3985,8
\N,3986,8
\N,3988,11
\N,3988,17
\N,3989,17
\N,3990,17
\N,3991,1
\N,3993,17
\N,3995,17
\N,3996,1
\N,3996,4
\N,3997,1
\N,3997,3
\N,3998,1
\N,3998,8
\N,3999,8
\N,3999,17
\N,4000,6
\N,4001,17
\N,4003,1
\N,4003,8
\N,4005,8
\N,4007,3
\N,4007,6
\N,4007,9
\N,4007,10
\N,4008,6
\N,4008,9
\N,4008,10
\N,4009,6
\N,4011,17
\N,4012,1
\N,4014,8
\N,4015,1
\N,4017,1
\N,4021,6
\N,4021,8
\N,4022,6
\N,4022,8
\N,4023,1
\N,4026,6
\N,4027,5
\N,4027,8
\N,4027,14
\N,4029,6
\N,4029,8
\N,4029,13
\N,4029,17
\N,4031,6
\N,4032,1
\N,4032,8
\N,4032,17
\N,4033,6
\N,4034,14
\N,4034,6
\N,4035,6
\N,4035,8
\N,4036,8
\N,4036,11
\N,4036,1
\N,4036,14
\N,4037,8
\N,4038,8
\N,4040,8
\N,4041,6
\N,4041,8
\N,4042,8
\N,4043,8
\N,4044,6
\N,4045,5
\N,4045,6
\N,4049,1
\N,4049,3
\N,4051,1
\N,4053,8
\N,4055,6
\N,4055,5
\N,4056,15
\N,4058,6
\N,4060,1
\N,4061,6
\N,4061,8
\N,4062,8
\N,4063,6
\N,4063,14
\N,4064,8
\N,4065,6
\N,4065,8
\N,4065,14
\N,4066,8
\N,4067,6
\N,4067,14
\N,4069,6
\N,4069,8
\N,4070,8
\N,4072,8
\N,4072,14
\N,4073,11
\N,4073,17
\N,4075,6
\N,4075,8
\N,4076,6
\N,4077,6
\N,4077,8
\N,4078,1
\N,4078,14
\N,4079,1
\N,4079,13
\N,4079,17
\N,4080,1
\N,4080,5
\N,4080,17
\N,4081,1
\N,4082,5
\N,4082,17
\N,4085,17
\N,4086,11
\N,4087,1
\N,4087,17
\N,4088,6
\N,4088,8
\N,4088,14
\N,4090,6
\N,4090,1
\N,4090,8
\N,4091,1
\N,4091,3
\N,4091,17
\N,4092,6
\N,4092,8
\N,4092,17
\N,4097,1
\N,4098,11
\N,4098,15
\N,4101,11
\N,4104,8
\N,4108,8
\N,4108,12
\N,4109,8
\N,4109,14
\N,4110,1
\N,4110,15
\N,4110,6
\N,4111,6
\N,4112,8
\N,4113,8
\N,4113,17
\N,4114,8
\N,4115,1
\N,4115,3
\N,4116,3
\N,4116,19
\N,4120,6
\N,4120,17
\N,4121,8
\N,4123,15
\N,4123,17
\N,4125,1
\N,4125,17
\N,4125,6
\N,4127,17
\N,4128,6
\N,4128,8
\N,4128,14
\N,4129,8
\N,4130,8
\N,4130,14
\N,4131,17
\N,4132,8
\N,4133,17
\N,4133,6
\N,4136,1
\N,4136,15
\N,4138,1
\N,4139,17
\N,4140,6
\N,4140,11
\N,4142,6
\N,4142,17
\N,4142,11
\N,4144,8
\N,4144,9
\N,4145,8
\N,4146,15
\N,4148,1
\N,4148,8
\N,4149,3
\N,4149,19
\N,4150,8
\N,4151,6
\N,4151,9
\N,4151,13
\N,4151,1
\N,4152,6
\N,4152,14
\N,4153,6
\N,4153,9
\N,4153,10
\N,4154,6
\N,4154,8
\N,4154,14
\N,4155,6
\N,4155,8
\N,4158,7
\N,4156,6
\N,4157,6
\N,4157,14
\N,4159,17
\N,4165,6
\N,4165,17
\N,4166,1
\N,4166,8
\N,4167,8
\N,4168,5
\N,4168,8
\N,4168,14
\N,4169,6
\N,4169,8
\N,4169,14
\N,4170,11
\N,4170,17
\N,4171,6
\N,4171,11
\N,4171,17
\N,4172,8
\N,4173,1
\N,4173,6
\N,4174,6
\N,4175,1
\N,4176,8
\N,4177,8
\N,4177,17
\N,4178,13
\N,4178,15
\N,4178,17
\N,4179,8
\N,4179,14
\N,4180,5
\N,4180,8
\N,4181,14
\N,4181,17
\N,4183,8
\N,4185,8
\N,4185,6
\N,4185,1
\N,4186,8
\N,4187,8
\N,4188,6
\N,4188,14
\N,4189,8
\N,4191,17
\N,4192,1
\N,4192,5
\N,4192,17
\N,4194,8
\N,4195,8
\N,4196,17
\N,4197,1
\N,4197,8
\N,4199,8
\N,4199,17
\N,4200,7
\N,4203,9
\N,4204,8
\N,4204,18
\N,2,14
\N,2,6
\N,4205,6
\N,4205,8
\N,4206,8
\N,4206,9
\N,4206,15
\N,4208,11
\N,4208,15
\N,4208,8
\N,4208,3
\N,4208,17
\N,4208,1
\N,4211,6
\N,4211,14
\N,4212,15
\N,4212,17
\N,4213,8
\N,4213,17
\N,4215,6
\N,4215,8
\N,4219,7
\N,4220,6
\N,4220,8
\N,4220,14
\N,4221,10
\N,4222,6
\N,4223,4
\N,4223,1
\N,4223,15
\N,4223,3
\N,4224,8
\N,4224,14
\N,4225,8
\N,4226,8
\N,4226,14
\N,4227,8
\N,4228,8
\N,4228,14
\N,4230,1
\N,4230,17
\N,4232,6
\N,4234,8
\N,4235,1
\N,4235,8
\N,4235,17
\N,4236,3
\N,4236,9
\N,4237,1
\N,4237,8
\N,4237,19
\N,4238,1
\N,4238,6
\N,4239,6
\N,4240,6
\N,4242,1
\N,4242,10
\N,4243,6
\N,4243,15
\N,4244,1
\N,4244,17
\N,4245,8
\N,4245,12
\N,4247,6
\N,4247,9
\N,4247,14
\N,4249,1
\N,4249,15
\N,4729,15
\N,4251,6
\N,4253,14
\N,4253,17
\N,4254,5
\N,4254,8
\N,4255,6
\N,4255,8
\N,4256,8
\N,4256,5
\N,4256,17
\N,4257,8
\N,4259,1
\N,4259,6
\N,4259,11
\N,4259,17
\N,4261,1
\N,4261,17
\N,4261,5
\N,4262,1
\N,4262,17
\N,4263,8
\N,4265,4
\N,4265,9
\N,4265,15
\N,4267,3
\N,4268,8
\N,4270,7
\N,4271,6
\N,4271,15
\N,4271,11
\N,4272,6
\N,4272,15
\N,4272,11
\N,4273,8
\N,4273,3
\N,4273,9
\N,4274,8
\N,4274,17
\N,4275,14
\N,4276,8
\N,4277,8
\N,4277,17
\N,4278,11
\N,4278,17
\N,4279,19
\N,4282,6
\N,4283,6
\N,4284,6
\N,4285,17
\N,4288,6
\N,4288,8
\N,4290,11
\N,4291,5
\N,4291,8
\N,4291,17
\N,4292,13
\N,4292,17
\N,4294,5
\N,4294,17
\N,4294,8
\N,4295,8
\N,4297,8
\N,4297,14
\N,4297,19
\N,4298,8
\N,4299,10
\N,4299,6
\N,4299,8
\N,4299,15
\N,4300,6
\N,4300,14
\N,4301,13
\N,4301,17
\N,4302,8
\N,4302,14
\N,4302,9
\N,4302,10
\N,4303,8
\N,4304,17
\N,4305,1
\N,4305,9
\N,4305,3
\N,4306,1
\N,4306,17
\N,4307,1
\N,4307,17
\N,4308,8
\N,4309,1
\N,4309,15
\N,4309,6
\N,4309,17
\N,4310,6
\N,4310,8
\N,4310,14
\N,4311,8
\N,4311,17
\N,4311,15
\N,4312,8
\N,4312,13
\N,4312,17
\N,4313,8
\N,4314,8
\N,4316,17
\N,4317,1
\N,4317,17
\N,4318,3
\N,4318,6
\N,4318,9
\N,4320,6
\N,4320,14
\N,4323,8
\N,4324,6
\N,4324,8
\N,4325,6
\N,4325,14
\N,4326,6
\N,4326,14
\N,4327,6
\N,4328,14
\N,4329,8
\N,4330,17
\N,4331,1
\N,4331,3
\N,4333,8
\N,4333,17
\N,4334,18
\N,4334,1
\N,4334,8
\N,4335,1
\N,4335,17
\N,4338,1
\N,4338,3
\N,4342,7
\N,4342,16
\N,4345,6
\N,4345,14
\N,4346,6
\N,4346,9
\N,4347,17
\N,4347,8
\N,4347,10
\N,4348,11
\N,4349,1
\N,4350,8
\N,4350,6
\N,4351,8
\N,4351,14
\N,4352,8
\N,4352,17
\N,4354,1
\N,4354,17
\N,4355,1
\N,4355,17
\N,4356,5
\N,4356,8
\N,4359,1
\N,4359,6
\N,4360,17
\N,4362,17
\N,4364,1
\N,4364,17
\N,4365,6
\N,4365,17
\N,4366,8
\N,4367,8
\N,4367,14
\N,4368,8
\N,4369,8
\N,4369,17
\N,4370,15
\N,4370,17
\N,4371,8
\N,4372,1
\N,4374,1
\N,4374,3
\N,4375,7
\N,4377,8
\N,4378,7
\N,4379,6
\N,4379,8
\N,4381,8
\N,4382,8
\N,4382,14
\N,4384,11
\N,4384,17
\N,4384,13
\N,4385,11
\N,4385,17
\N,4385,13
\N,4389,17
\N,4389,8
\N,4390,8
\N,4391,6
\N,4391,8
\N,4391,14
\N,4393,11
\N,4393,14
\N,4393,13
\N,4396,4
\N,4396,10
\N,4396,11
\N,4397,6
\N,4397,11
\N,4397,14
\N,4398,11
\N,4400,11
\N,4400,15
\N,4401,11
\N,4401,1
\N,4402,1
\N,4402,11
\N,4402,17
\N,4403,6
\N,4404,6
\N,4404,8
\N,4405,8
\N,4405,14
\N,4405,15
\N,4405,17
\N,4406,1
\N,4406,3
\N,4406,14
\N,4407,8
\N,4408,8
\N,4409,6
\N,4410,6
\N,4410,14
\N,4411,1
\N,4411,15
\N,4412,8
\N,4412,12
\N,4414,11
\N,4415,1
\N,4416,8
\N,4416,3
\N,4417,15
\N,4420,1
\N,4420,3
\N,4420,17
\N,4421,6
\N,4421,17
\N,4422,6
\N,4424,1
\N,4424,5
\N,4424,8
\N,4425,8
\N,4427,8
\N,4428,1
\N,4428,3
\N,4430,11
\N,4430,15
\N,4431,8
\N,4431,14
\N,4431,13
\N,4434,8
\N,4436,1
\N,4437,17
\N,4438,15
\N,4440,10
\N,4440,15
\N,4442,6
\N,4442,8
\N,4443,1
\N,4443,15
\N,4443,17
\N,4444,1
\N,4444,11
\N,4444,17
\N,4444,15
\N,4445,10
\N,4445,6
\N,4446,15
\N,4446,17
\N,4449,5
\N,4449,8
\N,4452,8
\N,4453,15
\N,4453,17
\N,4454,1
\N,4454,17
\N,4454,8
\N,4456,5
\N,4456,8
\N,4456,14
\N,4457,11
\N,4457,17
\N,4463,8
\N,4465,8
\N,4467,6
\N,4468,6
\N,4471,4
\N,4471,10
\N,4472,6
\N,4474,6
\N,4474,14
\N,4475,8
\N,4475,14
\N,4475,18
\N,4476,14
\N,4476,8
\N,4477,8
\N,4477,14
\N,4478,8
\N,4481,8
\N,4481,17
\N,4484,8
\N,4485,8
\N,4487,1
\N,4487,17
\N,4488,1
\N,4488,11
\N,4488,17
\N,4510,18
\N,4488,10
\N,4490,8
\N,4490,17
\N,4491,1
\N,4491,3
\N,4491,10
\N,4492,3
\N,4492,8
\N,4494,1
\N,4494,10
\N,4494,3
\N,4496,1
\N,4496,8
\N,4496,6
\N,4498,8
\N,4498,14
\N,4499,11
\N,4499,17
\N,4500,14
\N,4501,5
\N,4501,13
\N,4501,17
\N,4504,6
\N,4505,8
\N,4506,1
\N,4506,3
\N,4506,15
\N,4506,17
\N,4507,5
\N,4507,17
\N,4508,6
\N,4509,7
\N,4510,1
\N,4510,8
\N,4511,6
\N,4511,8
\N,4514,6
\N,4516,6
\N,4516,14
\N,4517,6
\N,4517,14
\N,4518,6
\N,4518,14
\N,4519,17
\N,4521,6
\N,4521,5
\N,4522,6
\N,4522,7
\N,4523,8
\N,4523,18
\N,4524,6
\N,4524,8
\N,4525,8
\N,4525,11
\N,4527,11
\N,4529,9
\N,4529,11
\N,4529,13
\N,4530,6
\N,4531,1
\N,4531,8
\N,4531,17
\N,4531,6
\N,4531,5
\N,4532,8
\N,4532,14
\N,4533,8
\N,4534,7
\N,4534,16
\N,4534,12
\N,4534,1
\N,4534,5
\N,4535,11
\N,4535,13
\N,4535,17
\N,4536,6
\N,4536,15
\N,4538,6
\N,4538,10
\N,4538,14
\N,4541,8
\N,4542,6
\N,4543,6
\N,4543,8
\N,4543,14
\N,4539,8
\N,4539,6
\N,4540,6
\N,4544,6
\N,4544,10
\N,4544,9
\N,4545,8
\N,4545,13
\N,4545,17
\N,4546,8
\N,4546,14
\N,4547,17
\N,4550,5
\N,4550,8
\N,4551,15
\N,4551,17
\N,4552,8
\N,4552,18
\N,4553,7
\N,4554,6
\N,4554,8
\N,4555,8
\N,4555,6
\N,4555,5
\N,4556,8
\N,4557,6
\N,4558,6
\N,4558,9
\N,4558,14
\N,4559,6
\N,4560,8
\N,4561,8
\N,4563,6
\N,4564,3
\N,4564,8
\N,4565,3
\N,4567,8
\N,4568,8
\N,4571,17
\N,4573,8
\N,4572,6
\N,4574,8
\N,4575,6
\N,4575,17
\N,4578,9
\N,4578,6
\N,4578,8
\N,4730,5
\N,4730,8
\N,4581,7
\N,4582,8
\N,4582,6
\N,4584,19
\N,4588,7
\N,4588,12
\N,4590,5
\N,4590,17
\N,4591,4
\N,4591,6
\N,4592,1
\N,4592,19
\N,4592,3
\N,4592,6
\N,4592,15
\N,4593,8
\N,4598,8
\N,4603,1
\N,4603,8
\N,4603,18
\N,4604,1
\N,4604,15
\N,4604,18
\N,4605,8
\N,4605,14
\N,4606,6
\N,4606,5
\N,4606,17
\N,4607,8
\N,4608,14
\N,4608,17
\N,4609,5
\N,4609,8
\N,4610,6
\N,4611,6
\N,4611,17
\N,4614,11
\N,4615,11
\N,4616,11
\N,4618,8
\N,4619,5
\N,4619,10
\N,4619,13
\N,4620,11
\N,4621,11
\N,4622,11
\N,4626,6
\N,4628,15
\N,4629,8
\N,4631,1
\N,4631,8
\N,4632,8
\N,4633,3
\N,4633,10
\N,4634,3
\N,4634,8
\N,4634,1
\N,4634,10
\N,4634,14
\N,4637,1
\N,4637,8
\N,4637,17
\N,4638,6
\N,4638,14
\N,4639,8
\N,4639,17
\N,4642,6
\N,4642,8
\N,4643,6
\N,4644,8
\N,4644,6
\N,4645,6
\N,4645,9
\N,4645,10
\N,4646,8
\N,4650,6
\N,4650,14
\N,4651,8
\N,4651,6
\N,4654,1
\N,4654,17
\N,4655,8
\N,4660,17
\N,4661,1
\N,4661,6
\N,4663,1
\N,4663,10
\N,4663,4
\N,4663,17
\N,4664,15
\N,4664,17
\N,4665,15
\N,4665,17
\N,4665,1
\N,4666,1
\N,4666,15
\N,4668,6
\N,4668,8
\N,4671,6
\N,4671,8
\N,4671,14
\N,4673,8
\N,4674,5
\N,4674,8
\N,4676,7
\N,4679,6
\N,4679,8
\N,4680,8
\N,4683,5
\N,4684,8
\N,4681,6
\N,4681,14
\N,4685,15
\N,4687,6
\N,4687,17
\N,4696,6
\N,4696,8
\N,4698,8
\N,4699,6
\N,4700,1
\N,4700,8
